{"type":"FeatureCollection","features":[{"type":"Feature","properties":{"name":"India"},"geometry":{"type":"MultiPolygon","coordinates":[[[[77.51873419405028,35.48565732389375],[77.538027,35.487704001000054],[77.559585,35.487397],[77.587001,35.46715300100004],[77.612736,35.47070200100006],[77.633563,35.464061],[77.6425,35.483574],[77.66138444200004,35.48314315700003],[77.682964,35.457997],[77.698195,35.463573],[77.725611,35.47113100100006],[77.739808,35.491132],[77.761763,35.50219700100007],[77.783547,35.50400700100005],[77.801422,35.51668100100005],[77.817206,35.519333001000064],[77.82307595900005,35.51198150100004],[77.82508458500007,35.50954103400005],[77.82666661100006,35.50511693200008],[77.83732982600003,35.504234119000046],[77.84127117100007,35.50132965100005],[77.84396439400007,35.49782553800003],[77.85177781300007,35.49163043300007],[77.893492,35.474221],[77.92411872400004,35.49711670500005],[77.933064,35.53796300100004],[77.955309,35.553723],[77.988716,35.56167600100008],[78.019668,35.566972],[78.044574,35.585317],[78.076169,35.552894],[78.094398,35.545421],[78.148786,35.55110300100006],[78.181171,35.60229500100007],[78.196062,35.64967],[78.223726,35.689125],[78.29981,35.726104],[78.370813,35.728882001000045],[78.426601,35.770532],[78.51019,35.770151],[78.594616,35.805983],[78.698244,35.852535],[78.811014,35.880376],[78.878721,35.966989],[78.965993,35.935334],[79.028424,35.91423],[79.098769,35.945226],[79.18626100100005,35.933135],[79.325413,35.958416001000046],[79.41950000100007,35.974903],[79.454269,35.925395],[79.458413,35.86985800100007],[79.517341,35.85031600100007],[79.564854,35.897829],[79.582582,35.852195],[79.587518,35.809112001000074],[79.638582,35.777730001000066],[79.640626,35.730565],[79.678629,35.70024],[79.702595,35.65068000100007],[79.754394,35.63227200100005],[79.826612,35.614723],[79.861818,35.578615],[79.91101,35.601312],[79.949928,35.632493],[79.991135,35.603048],[79.96632,35.55356500100004],[80.003519,35.497415001000036],[80.058722,35.422462],[80.113331,35.477903],[80.166197,35.552757],[80.221076,35.55821],[80.297454,35.556094001000076],[80.342385,35.527239],[80.40025600100006,35.483276001000036],[80.334534,35.382656],[80.266212,35.296447],[80.232185,35.175332],[80.21608300100007,34.992703],[80.201233,34.960183001000075],[80.202225,34.898584],[80.118485,34.829796001000034],[80.066912,34.762256],[80.043249,34.698269],[79.966453,34.694039],[79.898478,34.69619000100005],[79.815874,34.641695],[79.787479,34.570062],[79.755537,34.472211],[79.656195,34.45151],[79.54429,34.477951001000065],[79.534101,34.408793],[79.592923,34.311009],[79.566512,34.21957500100007],[79.49293,34.186586],[79.424934,34.11202300100007],[79.423269,34.056582],[79.367441,33.994666],[79.285974,34.014227],[79.177233,34.023745],[79.018998,34.016131001000076],[78.893363,33.97972500100008],[78.995442,33.788416],[79.075387,33.620728],[78.915249,33.54791700100003],[78.939899,33.38164],[78.952466,33.362245001000076],[78.960489,33.343646],[78.975714,33.334693],[78.993488,33.325474],[79.01298900100005,33.323375001000045],[79.026513,33.31699800100006],[79.036768,33.30344800100005],[79.039292,33.286311],[79.039611,33.268431],[79.060069,33.255412001000025],[79.072078,33.23912500100005],[79.07457500100008,33.2226],[79.092881,33.21319400100003],[79.109726,33.200308],[79.136826,33.19273600100007],[79.153869,33.184858001000066],[79.172945,33.202324],[79.184346,33.22007300100006],[79.210465,33.215272],[79.220129,33.23678],[79.248269,33.222915],[79.273216,33.21621100100003],[79.297317,33.200334],[79.324004,33.190985],[79.346301,33.20213400100005],[79.375768,33.19787],[79.402689,33.194045],[79.408362,33.16919300100005],[79.394212,33.15333900100006],[79.38195900100004,33.12630900100004],[79.36546100100009,33.091379],[79.340579,33.057364],[79.333667,33.000982],[79.355234,32.975513],[79.353722,32.950734],[79.372419,32.940628],[79.40078,32.940565],[79.39159,32.916215],[79.413578,32.901798],[79.434195,32.891549001000044],[79.454155,32.881853],[79.470894,32.87083],[79.462556,32.837132],[79.472346,32.818182],[79.486366,32.79632600100007],[79.515477,32.781889],[79.540236,32.774434],[79.55521200100003,32.755443],[79.550355,32.721475001000044],[79.552008,32.706937],[79.539224,32.686428],[79.534366,32.66204],[79.502924,32.643717],[79.466405,32.612157],[79.448748,32.59005],[79.436304,32.568421],[79.433593,32.55241500100004],[79.413831,32.538957],[79.407384,32.519239],[79.380747,32.52753500100005],[79.361046,32.531764001000056],[79.335783,32.53988000100003],[79.336425,32.55673000100006],[79.319078,32.558509],[79.294437,32.540633],[79.276039,32.556002],[79.258253,32.53746300100005],[79.25244,32.521849],[79.224502,32.523743],[79.210517,32.511086],[79.183113,32.508157],[79.167124,32.494837],[79.149152,32.47686500100008],[79.132044,32.46945700100002],[79.118789,32.452515],[79.122277,32.43294800100006],[79.115932,32.418033001000026],[79.105435,32.404346],[79.102877,32.379199],[79.087264,32.372289],[79.057864,32.387039],[79.013599,32.381218],[78.981276,32.354277],[78.965563,32.337135],[78.943871,32.353147001000025],[78.916764,32.367265],[78.902712,32.393841],[78.880455,32.399356],[78.860855,32.413109],[78.841255,32.411348],[78.832187,32.427891],[78.809132,32.437791],[78.798502,32.463868],[78.78053,32.478717],[78.778935,32.499945],[78.773687,32.521571],[78.770531,32.538646001000075],[78.760698,32.560537],[78.771228,32.58252900100007],[78.778039,32.600833],[78.773687,32.620565],[78.767441,32.63235800100006],[78.753124,32.640298],[78.742145,32.65528700100003],[78.74484,32.67556700100005],[78.743887,32.692526],[78.735802,32.69144200100004],[78.719467,32.67303600100007],[78.698004,32.665904],[78.662441,32.65639800100007],[78.63140514600008,32.63473230300008],[78.63259000100004,32.604986],[78.61235853300008,32.60271142100004],[78.583014,32.603738],[78.56117500100004,32.620859],[78.546199,32.61388],[78.523765,32.614154],[78.51461,32.600698],[78.493822,32.584563],[78.474693,32.576495],[78.453766,32.581337001000065],[78.438319,32.57312],[78.416068,32.567467],[78.40532,32.548272],[78.394817,32.534753],[78.406966,32.526057],[78.42334,32.508796001000064],[78.435576,32.488668001000065],[78.449734,32.47530900100003],[78.452187,32.459289],[78.465044,32.445871],[78.471753,32.42985100100003],[78.471399,32.40783200100003],[78.458305,32.391812],[78.465931,32.372689001000026],[78.485674,32.357763],[78.47847,32.340878],[78.480705,32.324767],[78.496746,32.32442600100006],[78.510376,32.303065],[78.496834,32.286058],[78.501752,32.272763001000044],[78.520374,32.26116300100006],[78.529035,32.244459],[78.542226,32.22884400100003],[78.55647500100008,32.20922900100004],[78.575558,32.203302001000054],[78.596584,32.19681],[78.600076,32.176325],[78.596117,32.15911100100004],[78.60888205500004,32.14944037200007],[78.61347271300008,32.147799262000035],[78.628332,32.13555400100006],[78.64943450700008,32.119051600000034],[78.67580717100003,32.11539241600008],[78.68959873100005,32.10186086700003],[78.69084701200006,32.091430539000044],[78.68728774900006,32.086132974000066],[78.706583,32.059753],[78.718566,32.04209],[78.727559,32.016918],[78.7443,32.00210400100008],[78.777656,31.991717],[78.773107,31.963017001000026],[78.763739,31.926575],[78.74482822200008,31.89755835400007],[78.74555569600005,31.88188834600004],[78.74703881800008,31.871556611000074],[78.74631275500008,31.869817331000036],[78.74443051900005,31.867518089000043],[78.74078246000005,31.85889353500005],[78.74421200700004,31.855347795000057],[78.74312576900007,31.85198312400007],[78.73799944500007,31.84006410300003],[78.72078200500005,31.82550276300003],[78.70778165500008,31.813903623000044],[78.70295988400005,31.79629251600005],[78.70512849900007,31.77395558300003],[78.71702,31.766493],[78.725838,31.749122],[78.731155,31.731817],[78.739741,31.720027001000062],[78.747072,31.702854],[78.74978,31.682511001000023],[78.767779,31.67465100100003],[78.784027,31.677888001000042],[78.799747,31.675510001000077],[78.799747,31.654044],[78.810975,31.638225],[78.826166,31.629837001000055],[78.83898,31.62296800100006],[78.845518,31.611343],[78.834455,31.59777],[78.822401,31.582942],[78.806715,31.574323],[78.778941,31.553154001000053],[78.761306,31.547474],[78.741392,31.538887],[78.729272,31.526371],[78.720323,31.507745],[78.725375,31.486279],[78.739906,31.481128],[78.757707,31.482746],[78.770982,31.464285001000064],[78.79367,31.445032],[78.786801,31.431591],[78.776894,31.41924000100005],[78.767878,31.40513800100007],[78.756782,31.390541],[78.757541,31.374921],[78.751795,31.362536],[78.761735,31.355998],[78.763288,31.341071001000046],[78.771444,31.329545001000042],[78.778049,31.319902],[78.787792,31.307518],[78.807045,31.30616400100007],[78.825803,31.295959],[78.848128,31.295034001000033],[78.85143,31.308706],[78.871956,31.305539001000056],[78.893663,31.28771800100003],[78.899872,31.304989],[78.914931,31.312222],[78.922395,31.325762001000044],[78.93365600100003,31.343166],[78.942275,31.356739],[78.958788,31.360966001000065],[78.98458,31.358985],[78.99234,31.345279],[79.017274,31.348549],[79.014005,31.368099],[79.017274,31.393231],[79.016283,31.418066001000057],[79.025894,31.430086],[79.060767,31.429558],[79.078964,31.457563],[79.103011,31.451441],[79.128737,31.43885800100003],[79.154661,31.40907],[79.172957,31.38007500100008],[79.186233,31.357915],[79.214832,31.350914],[79.236496,31.334996],[79.222262,31.31930900100008],[79.236595,31.301245],[79.248517,31.283015001000024],[79.23487800100008,31.270268],[79.243332,31.251609],[79.265128,31.23849800100004],[79.289236,31.22694],[79.303932,31.208512],[79.305154,31.191471],[79.305881,31.17066600100003],[79.312353,31.148275],[79.339929,31.130079],[79.367141,31.119016],[79.386475,31.115515001000063],[79.403449,31.115053001000035],[79.417254,31.087775],[79.419692,31.045921],[79.426815,31.024648],[79.45287,31.03027600100006],[79.477721,31.03317],[79.506865,31.03239],[79.519518,31.00441600100004],[79.527352,30.986566],[79.547971,30.967077],[79.57125313500006,30.948643422000032],[79.61305400100008,30.943201001000034],[79.655732,30.962394001000064],[79.681716,30.978612],[79.725115,30.977599],[79.74632800100005,30.99618900100006],[79.762968,30.9975],[79.779777,30.986306],[79.811411,30.977834001000076],[79.835581,30.972018],[79.860996,30.973598],[79.879839,30.956516],[79.888589,30.937365],[79.899714,30.916255],[79.921149,30.895665],[79.94652,30.883272001000023],[79.979339,30.878257],[80.00630400100005,30.86550600100003],[80.028077,30.84518900100005],[80.054002,30.838813001000062],[80.077617,30.815329001000066],[80.097881,30.79200700100006],[80.118861,30.779549],[80.132978,30.786835001000043],[80.15347,30.789795],[80.157211,30.805701],[80.172531,30.808693],[80.183427,30.795194],[80.193186,30.78397300100005],[80.199659,30.763676],[80.212084,30.753072],[80.228955,30.758147],[80.248554,30.738758],[80.24796800100006,30.722202],[80.236909,30.71029700100007],[80.23294,30.691951],[80.218921,30.687365],[80.203145,30.687365],[80.195697,30.675785],[80.194071,30.66375],[80.204642,30.652496],[80.219409,30.64277],[80.212936,30.627612],[80.215734,30.613463],[80.209814,30.593394],[80.234901,30.578101],[80.266469,30.568147001000057],[80.301696,30.567594],[80.322611,30.54316700100003],[80.354607,30.523265],[80.379653,30.519134],[80.40987100100006,30.523688],[80.424183,30.514483],[80.44356900100007,30.500952],[80.46263,30.492039],[80.487611,30.485599001000026],[80.507225,30.475678],[80.526676,30.461594],[80.553253,30.452654],[80.573452,30.464331],[80.597425,30.468624],[80.613005,30.459777001000077],[80.63109,30.456101],[80.648752,30.44575800100006],[80.67009,30.432584],[80.682873,30.421525],[80.700926,30.415085],[80.720377,30.409067],[80.742756,30.390461],[80.755149,30.37800400100008],[80.771836,30.36505800100008],[80.786635,30.342159001000027],[80.813178,30.323423001000037],[80.83798074300006,30.314799484000048],[80.87260500100007,30.305826],[80.893682,30.30202],[80.911902,30.290843],[80.927925,30.281229],[80.925789,30.268838001000063],[80.943308,30.26747000100005],[80.98261779600006,30.27036066900007],[81.013768,30.253455],[81.02850657500005,30.232532094000078],[81.02645024500004,30.22911775700004],[81.02585532700004,30.226913541000044],[81.02767428300007,30.22586939200005],[81.02936385100008,30.222513105000075],[81.02985832400003,30.21893591500003],[81.03334936300007,30.21837937500004],[81.03567532500006,30.21625419700007],[81.03990760900007,30.214942613000062],[81.04255592800007,30.211535989000026],[81.04502354900006,30.20943324800004],[81.04468894800004,30.205898054000045],[81.04126177600006,30.20368151100007],[81.03851702100008,30.202564136000035],[81.03487165900003,30.201750348000076],[81.03483182500008,30.19904002000004],[81.03483449300006,30.197504829000025],[81.03293938100006,30.196607262000043],[81.03232404600004,30.19678814100007],[81.03160834900007,30.196719995000024],[81.03081335000007,30.196451053000033],[81.02977148400004,30.195519314000023],[81.02845795700006,30.19482603700004],[81.02628714900004,30.19513312400005],[81.02406299300003,30.195942682000066],[81.02221665100006,30.19576775400003],[81.02133141200005,30.195517891000065],[81.02011596300008,30.195185241000047],[81.01914153400008,30.19482701100003],[81.01802181400006,30.19471653200003],[81.01711338000007,30.19446871300005],[81.01598192800003,30.19450759500006],[81.01393472700005,30.194213998000066],[81.01097938100008,30.193513325000026],[81.00814333200003,30.19162272500006],[81.00311117300004,30.19067099600005],[80.99947399500007,30.188470360000053],[80.99646634700008,30.185965595000027],[80.99489600600003,30.186293380000052],[80.99331649500004,30.186320684000066],[80.99218421800003,30.186801692000074],[80.99034816500006,30.186845109000046],[80.98864115400005,30.18599664100003],[80.98575521600003,30.18668761400005],[80.98371107900005,30.187795899000037],[80.98291689000007,30.189025283000035],[80.97937416600007,30.190047296000046],[80.97479050300007,30.19146502500007],[80.97005935700008,30.189165822000064],[80.97029972600006,30.18614756900007],[80.96860111900008,30.186039193000056],[80.96579499700005,30.185897530000034],[80.95940512500005,30.185108597000067],[80.95406066300006,30.184239543000047],[80.95233905700007,30.18434996600007],[80.94933885700004,30.18223646100006],[80.94596826900005,30.180909490000033],[80.94360058400008,30.17958514700007],[80.94154749400008,30.17870631200003],[80.94061492500003,30.177272360000075],[80.93916765900008,30.17736775800006],[80.93679600800004,30.177540866000072],[80.93357859100007,30.177358969000068],[80.93283320600005,30.179182043000026],[80.92821947600004,30.187679100000025],[80.92359398800005,30.20107460500003],[80.92568066900003,30.20606126200005],[80.92865606600003,30.20794852100005],[80.93035535400008,30.212789090000058],[80.92880422300004,30.215230701000053],[80.92680941900005,30.216772682000055],[80.92505298700007,30.21794047900005],[80.92370397600007,30.219322909000027],[80.92301150800006,30.220608519000052],[80.92216632900005,30.22167065000008],[80.92162857300008,30.22338370800003],[80.92057366900008,30.22495881800006],[80.91870491200007,30.226008231000037],[80.91546316000006,30.224505145000023],[80.91005037800005,30.223380427000052],[80.90700726100005,30.220935429000065],[80.90512442600004,30.218572761000075],[80.90350057400008,30.21675218200005],[80.90192892100004,30.214044568000077],[80.89776840000007,30.21300578100005],[80.89505129600008,30.208835683000075],[80.89338709100008,30.205513404000044],[80.89071477700008,30.203594080000073],[80.88874752800007,30.199252054000056],[80.88506253500003,30.195324148000054],[80.88500050300007,30.189832599000056],[80.88311623600003,30.185619520000046],[80.88075941100004,30.18201389500007],[80.87820946900007,30.18014160900003],[80.87514852300006,30.178523951000045],[80.87167428700008,30.177016553000044],[80.86717074100005,30.17532825400008],[80.86553843400003,30.172096877000058],[80.86677685600006,30.16558740200003],[80.87115376500003,30.159650293000027],[80.87127928300004,30.156300335000026],[80.87125449800004,30.152771855000026],[80.87306495300004,30.14710682200007],[80.87595907000008,30.14115311000006],[80.87609149900004,30.136620467000057],[80.87772463900006,30.129070351000053],[80.87171588600006,30.12580207800005],[80.86228249000004,30.120888101000048],[80.85619899300008,30.120360293000033],[80.84793926600008,30.117195731000038],[80.84175947900007,30.110967285000072],[80.84414683000006,30.10184688700008],[80.83151730600008,30.097383567000065],[80.81986461600007,30.097674850000033],[80.81221119600008,30.092851022000048],[80.80133054300006,30.08507178800005],[80.79344212900008,30.075828091000062],[80.78769589300003,30.067719622000027],[80.78075838800004,30.05864583700003],[80.77040578200007,30.05321734000006],[80.76066982700007,30.047471133000045],[80.75561253900008,30.03951360900004],[80.75554509200003,30.03121565500004],[80.75681202200008,30.023102854000058],[80.75245710900003,30.015881764000028],[80.74820006800007,30.007352540000056],[80.74078679000007,30.001625052000065],[80.73148093200007,29.99995991000003],[80.72180959500008,30.00065481200005],[80.71568031500004,29.995835318000047],[80.71077495100008,29.989667206000036],[80.70251295900005,29.983432726000046],[80.69698207600004,29.97960837000005],[80.68763981900008,29.971530001000076],[80.68138340600007,29.962166077000063],[80.67374889400008,29.957282332000034],[80.66215471600003,29.956296794000025],[80.65127678500005,29.95572714000008],[80.64276937200003,29.959112369000025],[80.63213270200004,29.964985666000075],[80.62136956200004,29.964086818000055],[80.61047648000005,29.959280239000066],[80.60024912700004,29.956416740000066],[80.59093594100005,29.94906239900007],[80.58592825200003,29.941720996000072],[80.58214233500007,29.93730862500007],[80.57872014600008,29.93046365200007],[80.57357554900005,29.92126958800003],[80.57062118100004,29.91238244500005],[80.57098104700003,29.90249108000006],[80.57038053300005,29.891762047000043],[80.56709204200007,29.882740630000058],[80.56182834600008,29.875609449000024],[80.55968150700005,29.867814096000075],[80.55564673800006,29.862703164000038],[80.55201420900005,29.85467035100004],[80.54872118800006,29.85030603100006],[80.54372865300007,29.84642972300003],[80.53778161100007,29.844708397000034],[80.53488675100004,29.838299389000042],[80.52862147900004,29.834927764000042],[80.52406677800008,29.830147820000036],[80.51535855100008,29.82542923500006],[80.50890120900004,29.823946083000067],[80.50294097600005,29.818616606000035],[80.49947606100005,29.813855700000033],[80.49970013700005,29.808265162000055],[80.49417829100008,29.802181353000037],[80.48911636100007,29.795923164000044],[80.47451765500006,29.79874846900003],[80.46146389300003,29.802196464000076],[80.44834121500008,29.799131260000024],[80.43531832500008,29.806185580000033],[80.42559694300007,29.797313443000064],[80.41308154900008,29.79196257700005],[80.40615828200004,29.788559703000033],[80.40383533300007,29.780697882000027],[80.39926204600005,29.77204541100008],[80.39750641400008,29.759763012000064],[80.38509722400005,29.758454116000053],[80.38114419000004,29.750764738000044],[80.37073190000007,29.74969388900007],[80.36490375300008,29.74407917900004],[80.36957047400006,29.73392468000003],[80.36781879900008,29.722144854000078],[80.37541213900005,29.720096806000072],[80.37452376700008,29.71250959300005],[80.37669731400007,29.70358125100006],[80.37957784400004,29.69725001200004],[80.38104986000008,29.68785364400003],[80.38412004000008,29.68169910200004],[80.38493978400004,29.673855942000046],[80.38937613100006,29.66834816200003],[80.39792348700007,29.663098047000062],[80.40011725900007,29.65849091800004],[80.40852858900007,29.657109981000076],[80.41447070700008,29.654098151000028],[80.41423971400008,29.645826068000076],[80.41952543300005,29.639784158000055],[80.41973913500004,29.633020714000054],[80.41902790400007,29.627331367000068],[80.41143390300005,29.625737051000044],[80.40762177500005,29.610519941000064],[80.40769469100007,29.59500656800003],[80.39672679400007,29.585147762000076],[80.38733383800007,29.571851094000067],[80.37890602000004,29.56159877300007],[80.36463949900008,29.56412067900004],[80.36429814800005,29.557189970000024],[80.35222947900007,29.555343012000037],[80.34266448600005,29.551917208000077],[80.34142437600008,29.54145881100004],[80.35094084200006,29.537885454000048],[80.35505238200005,29.52761332500006],[80.34982733200007,29.520020442000032],[80.34122748800007,29.51009420500003],[80.33122189300008,29.511241965000067],[80.32048034600007,29.502375009000048],[80.31378422300008,29.494042396000054],[80.30919938900007,29.48560088000005],[80.29628802300005,29.48854213900006],[80.28913733900004,29.47839016200004],[80.29124514600005,29.468276152000044],[80.30260303500006,29.453469643000062],[80.29198065300005,29.452838402000054],[80.28043492900008,29.451050984000062],[80.27227508900006,29.457279379000056],[80.27103982700004,29.45057808300004],[80.25666468500003,29.450796335000064],[80.24292031000004,29.442587572000036],[80.24670442500008,29.430424439000035],[80.24540366000008,29.41520322200006],[80.24790753800005,29.406483775000027],[80.26066025100005,29.39986732600005],[80.27552000300005,29.391364145000068],[80.27878838700008,29.379325705000042],[80.27184782500007,29.370606187000078],[80.27958359400003,29.35544768400007],[80.29075828000003,29.333549168000047],[80.30663120800006,29.323337913000046],[80.31844022400008,29.304045417000054],[80.30919022100005,29.290247548000025],[80.30231755000005,29.267323874000056],[80.29851384400007,29.250161073000072],[80.29819782900006,29.23955561400004],[80.29057642500004,29.230576262000056],[80.29584712200005,29.21917471300003],[80.29592236400003,29.208499079000035],[80.29354247000003,29.197776659000056],[80.28262786200008,29.199446444000046],[80.26621332800005,29.206469539000068],[80.25720093900003,29.217136406000066],[80.24715190800003,29.217964452000047],[80.24355114900004,29.199587696000037],[80.25416879400007,29.190990086000056],[80.26057566300005,29.17517736700006],[80.26102461300007,29.161165406000066],[80.27179892800007,29.146839992000025],[80.26271481300006,29.14013157200003],[80.25091524500004,29.133432209000034],[80.23673838900004,29.12037535500008],[80.21816261800006,29.121001411000066],[80.20339507600005,29.12949050900005],[80.17980108600005,29.13226703500004],[80.16483077000004,29.11701497300004],[80.12671870600008,29.006058934000066],[80.23144827200008,28.758012327000074],[80.23394464700004,28.758355744000028],[80.23566987700008,28.757831337000027],[80.23991903500007,28.75648480600006],[80.24736177700004,28.756305043000054],[80.25221504500007,28.75636800500007],[80.25782835100006,28.75310056400008],[80.26121845800003,28.749185083000043],[80.26440176800008,28.745367627000064],[80.26533204000003,28.741959879000035],[80.26440490200008,28.73781738200006],[80.26165099700006,28.732725577000053],[80.26733711600008,28.72057509900003],[80.27993977000006,28.709049579000066],[80.29168802700008,28.711754195000026],[80.35329312300007,28.650044378000075],[80.35846672900004,28.646148415000027],[80.35899760200004,28.644116327000063],[80.35703750700003,28.640483433000043],[80.36050327900006,28.636432082000056],[80.36307066900008,28.634462546000066],[80.36758685600006,28.634967362000054],[80.37121420800008,28.632047369000077],[80.37239828400004,28.629530550000027],[80.37541409200009,28.628955992000044],[80.37849030300004,28.629943860000026],[80.38462671100007,28.629990186000043],[80.38756999300006,28.630768712000076],[80.40115331500004,28.63410490800004],[80.42601343200005,28.63766967600003],[80.45355211200007,28.627127778000045],[80.46144769800003,28.61735567900007],[80.46699067600008,28.59966996600008],[80.47180016900006,28.59179158200004],[80.47074429300005,28.586810141000058],[80.46858920700004,28.583272140000076],[80.47179674700004,28.583411539000053],[80.47346118600007,28.583659871000066],[80.47469663600003,28.58426595900005],[80.47591750700008,28.584531295000033],[80.47676173400004,28.58508967700004],[80.47736436500008,28.585898821000058],[80.47890352700006,28.58730476900007],[80.48004459300006,28.587630527000044],[80.48079280700006,28.586648257000036],[80.48228815200008,28.58536713500007],[80.48354225000008,28.582937617000027],[80.48414441700004,28.58180243700008],[80.48561017600008,28.581750430000056],[80.48779517400004,28.58087179000006],[80.48933321600003,28.580930073000047],[80.49025869800005,28.580426299000067],[80.49097453900004,28.579456057000073],[80.49227438400004,28.578561875000048],[80.49324366300004,28.57725769500007],[80.49575919100005,28.575794159000054],[80.49677920100004,28.574561050000057],[80.49768024400004,28.572979110000063],[80.49853595000008,28.570407300000056],[80.50035525000004,28.569796191000023],[80.50262740400007,28.56945509600007],[80.50420876000004,28.568878265000023],[80.50652535100005,28.568880724000053],[80.50706439300006,28.567630989000065],[80.50870537000003,28.56570729200007],[80.51010792200003,28.563849403000063],[80.51206593200004,28.559415589000025],[80.51442295700008,28.557097362000036],[80.51615364100007,28.553444238000054],[80.51912609600004,28.552119945000072],[80.52111665000007,28.553897062000033],[80.52142619300008,28.680360715000063],[80.73834734500008,28.574837029000037],[80.90297444700008,28.47766843000005],[80.99981632900005,28.45371771500004],[81.21059096100004,28.360782764000078],[81.32464151800008,28.17527357000006],[81.30166052600003,28.167222029000072],[81.30924416900007,28.16078145800003],[81.36698745500007,28.14155478600003],[81.37115766400007,28.142557423000028],[81.37335705700008,28.145426607000047],[81.37649854200004,28.149943929000074],[81.37754934800006,28.15439286900005],[81.37728678600007,28.15735346100007],[81.37288986600004,28.159571266000057],[81.36691467100007,28.162883167000075],[81.36738797900006,28.166477049000036],[81.37162289200006,28.171698654000068],[81.37298674800007,28.17307958300006],[81.37395770200004,28.176270054000042],[81.41945901400004,28.173016871000073],[81.44605666900003,28.155938479000042],[81.55180279200005,28.04654253600006],[81.59174067900005,28.022563799000068],[81.61906828600007,28.008566079000047],[81.62739540200005,28.00192973600008],[81.64280965600005,27.99430980900007],[81.81854298400003,27.90353232600006],[81.85579939600007,27.880998823000027],[81.88022295100006,27.861640228000056],[81.91197892100007,27.856386980000025],[81.95095673000003,27.91035616000005],[82.27546657800008,27.793339462000063],[82.53073234700008,27.686516225000048],[82.67100142900006,27.714438057000052],[82.70741775800008,27.715309701000024],[82.70505998200008,27.705486155000074],[82.70703102200008,27.700402501000042],[82.70927311800006,27.69520409100005],[82.71365889300006,27.692688686000054],[82.71704250000005,27.69058337200005],[82.71638888600006,27.68822086700004],[82.71857717900008,27.685479585000053],[82.71805113700003,27.679871975000026],[82.71393765900007,27.677865590000067],[82.71366214800008,27.672449306000033],[82.71365402100008,27.66900189000006],[82.71788148600007,27.668547706000027],[82.71844713200005,27.667475453000065],[82.71702682500006,27.666044545000034],[82.71550448600004,27.66407788400005],[82.71281393000004,27.663890473000038],[82.71302133100005,27.662584069000047],[82.71623431500007,27.66216454000005],[82.72133340100004,27.66237099500006],[82.72223993300008,27.65982314200005],[82.71964872300003,27.658357942000066],[82.71909897100005,27.655413775000056],[82.72174005900007,27.65633338300006],[82.72701925300004,27.657860784000036],[82.72761185500008,27.653372277000074],[82.73004638700007,27.65232045600004],[82.73185305700008,27.653280606000067],[82.73190908100008,27.65135144100003],[82.73099129600007,27.648955371000056],[82.73241101500008,27.646017164000057],[82.73013441400008,27.64277332100005],[82.73245347600005,27.64515174400003],[82.73581451900003,27.646139627000025],[82.73629501300007,27.64355832900003],[82.73567351000008,27.641149700000028],[82.73824294400004,27.636754862000032],[82.73224781100004,27.63069703000008],[82.73421762900006,27.632554519000053],[82.73875985500007,27.63238432000003],[82.73933343000004,27.63088446200004],[82.73506761100003,27.629747721000058],[82.73413651100003,27.627663892000044],[82.73722439800008,27.625124119000077],[82.74040394600007,27.625376585000026],[82.73956128200007,27.623751242000026],[82.73663160400008,27.620716755000046],[82.73436480900006,27.619144714000072],[82.73347456900007,27.617069773000026],[82.73698785600004,27.615929394000034],[82.73818686000004,27.614517084000056],[82.73615065400008,27.61266055400006],[82.73542122700007,27.610332243000073],[82.73734993300008,27.60759716000007],[82.73949217000006,27.60413532000007],[82.74303957200004,27.602669133000063],[82.74852789800008,27.599695461000067],[82.74411750800004,27.598205243000052],[82.74564450100007,27.59440919000008],[82.74996182200005,27.59360339500006],[82.75354228600008,27.594400378000046],[82.75577720000007,27.58970058400007],[82.75769307300004,27.584550311000044],[82.75183383700005,27.57914865400005],[82.74839079900005,27.56653194100005],[82.74867398400005,27.556778348000023],[82.74356657000004,27.552864933000023],[82.74112704800007,27.55220281000004],[82.73919055700009,27.551650093000035],[82.73849043800004,27.55086437400007],[82.74096980600007,27.54993220500006],[82.73850036400006,27.54798005200007],[82.73898528000007,27.545165944000075],[82.74156501500005,27.545227606000026],[82.74168567300006,27.54330008100004],[82.74116187800007,27.542900592000024],[82.74184104800008,27.540970191000042],[82.74299073800006,27.54084849700007],[82.74221157600005,27.538642098000025],[82.74066774600004,27.537022488000048],[82.74180497800006,27.535493889000065],[82.74445048400008,27.53377590200006],[82.74212277900006,27.532476173000077],[82.74327280300008,27.532339900000068],[82.74423546200006,27.532174423000072],[82.74468287700006,27.53044090900005],[82.74602217400007,27.530066009000052],[82.74639190300007,27.529459317000033],[82.74697824000003,27.527814041000056],[82.74618601300006,27.525750051000045],[82.74835281200006,27.52647130200006],[82.74834331500006,27.524091574000067],[82.74802348500003,27.522774706000064],[82.74912071100005,27.522061247000067],[82.74736586400007,27.519745383000043],[82.74645837600008,27.520196992000024],[82.74503683300009,27.520009852000044],[82.74427343900004,27.520343180000054],[82.74316123300008,27.52110286100003],[82.74205181400004,27.519946985000047],[82.74222300400004,27.518269661000033],[82.74325114300007,27.517039303000047],[82.74179493900004,27.51697927300006],[82.74063237600006,27.518077911000034],[82.73768135200004,27.518145875000073],[82.73689533700008,27.51658813100005],[82.73707672400008,27.514206780000052],[82.73660721000005,27.512748505000047],[82.73716165400003,27.51066293100007],[82.73748194900008,27.50880935300006],[82.73516715400007,27.508227120000072],[82.73507151600006,27.50598461100003],[82.73518472800004,27.503653894000024],[82.73624838200004,27.50236082600003],[83.01893396500003,27.45395843400007],[83.29190504200005,27.335329268000066],[83.29459019700005,27.334572739000066],[83.29598559500005,27.33340770600006],[83.30282625100006,27.332795307000026],[83.30655769100008,27.332349126000054],[83.31060866300004,27.33238123800004],[83.31561313500004,27.33147919000004],[83.31775838500005,27.33100554200007],[83.31567272200004,27.333568013000047],[83.31872520600007,27.33592],[83.31797597400003,27.33736261400003],[83.32120719900007,27.336847641000077],[83.32507064100008,27.336016811000036],[83.32670928200008,27.33476547300006],[83.32805299400007,27.33415416300005],[83.33025806200004,27.333275203000028],[83.33187321500003,27.332602318000056],[83.33612499900005,27.33299584100007],[83.33969042600006,27.334122560000026],[83.34314567900003,27.335109467000052],[83.34361564700004,27.337890377000065],[83.34733496400008,27.33867730600008],[83.35166459200008,27.339565840000034],[83.35063025600004,27.341789463000055],[83.35475066800007,27.34424483500004],[83.35832000600004,27.343108659000052],[83.35907078200006,27.345455508000043],[83.35864270900004,27.348809552000034],[83.35997298600006,27.351573674000065],[83.36320270700008,27.353905259000044],[83.36533430600008,27.355173044000026],[83.36905548200008,27.357161465000047],[83.37228954600005,27.357001409000077],[83.37361550800006,27.36132774500004],[83.37270057300003,27.367135817000076],[83.37586902700008,27.369852327000046],[83.38155328900007,27.370378923000033],[83.38668187400003,27.374885720000066],[83.38736030800004,27.377587180000035],[83.38696980100008,27.38217084200005],[83.38655515100004,27.38468882500007],[83.38470239800006,27.38695659700005],[83.38445774400003,27.39014557300004],[83.39041595900005,27.393983208000066],[83.40282105000006,27.401294627000027],[83.40935496000003,27.414800456000023],[83.40100992000004,27.420879771000045],[83.39183,27.429457057000036],[83.38522973100004,27.437750435000055],[83.39029071200008,27.446000816000037],[83.40135428900004,27.45610684600007],[83.40166949600007,27.46719033200003],[83.39466245400007,27.46946988800005],[83.38885938000004,27.473905526000067],[83.39307609500008,27.475311548000036],[83.39139421400006,27.478380273000028],[83.55547358600006,27.472112647000074],[83.86975446600007,27.35473812600003],[83.88401095100005,27.378594072000055],[83.85809767400008,27.40105102600006],[83.83710267000004,27.431272773000046],[83.85326598000006,27.446512248000033],[83.88521793600006,27.433282878000057],[83.93251651700007,27.44979455400005],[83.94220493400007,27.445205435000048],[83.95597653700008,27.442250382000054],[83.96991494200006,27.44416934800006],[83.98338436500006,27.443687083000043],[83.99690351600003,27.444288318000076],[84.00063423300008,27.440898477000076],[84.00579940500006,27.440731480000068],[84.01081048000003,27.43726003200004],[84.01836945500008,27.436378657000034],[84.02402299200008,27.43262991000006],[84.02742031700006,27.435356864000028],[84.02939166600004,27.439218615000073],[84.03326436300006,27.44171261300005],[84.03796353900003,27.44239286000004],[84.04322105600005,27.44291261500007],[84.04698517200006,27.44319762300006],[84.05151504200006,27.442866481000067],[84.05236468800007,27.445004422000068],[84.05394055700003,27.448668342000076],[84.05757816300007,27.451365207000038],[84.06128621700003,27.45724072300004],[84.06159874300005,27.465418594000027],[84.06815106500005,27.474284453000053],[84.07473091600008,27.482657261000043],[84.08564096600008,27.484662358000037],[84.09412683100004,27.48891145500005],[84.09886957000003,27.49873201300005],[84.09879187800004,27.50609016900006],[84.09748658100006,27.51639343900007],[84.10638844400006,27.521076778000065],[84.11355380100008,27.519291399000053],[84.11739530200003,27.51367431600005],[84.12540030900004,27.511482241000067],[84.13446242100008,27.51474594700005],[84.14178554700004,27.517888464000066],[84.14933206700005,27.516764358000046],[84.15028949900005,27.512304701000062],[84.14845890100008,27.506299685000045],[84.14861796700006,27.50038364900007],[84.14570625400006,27.49279921400006],[84.15009006100007,27.485938171000043],[84.15765967200008,27.48380663900008],[84.16726611300004,27.481288402000075],[84.17213141500008,27.475932834000048],[84.17895674500005,27.475110288000053],[84.18553630100007,27.47097807700004],[84.19546995600007,27.47252313200005],[84.20565787200007,27.470214767000073],[84.20616781800004,27.462829205000048],[84.20702345100005,27.45574302800003],[84.20737754300006,27.448086776000025],[84.20819268600007,27.44397555300003],[84.21603364900005,27.441758107000055],[84.22052837900003,27.44812934500004],[84.23023599800007,27.45566597900006],[84.23908639200005,27.45297748400003],[84.24830081500005,27.453624114000036],[84.25473289100006,27.449482019000072],[84.25821011100004,27.441443277000076],[84.26253129000008,27.43535840000004],[84.26768993300004,27.43202751700005],[84.27344215900007,27.423856670000077],[84.27820107900004,27.413413003000073],[84.27604174500004,27.40175460000006],[84.28175857800005,27.395935516000065],[84.28837837100008,27.388277005000077],[84.29652046900009,27.38707607300006],[84.30154833500006,27.38979774200004],[84.31201196700005,27.38610180300003],[84.32003373900005,27.381662638000023],[84.33056847600005,27.379365274000065],[84.33854084700005,27.377958083000067],[84.35053480100004,27.374753825000028],[84.36315784700008,27.374459514000023],[84.37272196900005,27.376542468000025],[84.38167174100005,27.374313420000078],[84.39011711000006,27.37011007600006],[84.39672731800005,27.370598923000045],[84.40093406200003,27.37033851600006],[84.40619578400003,27.370484931000078],[84.41281744000008,27.369941872000027],[84.41737538800004,27.37002547700007],[84.42291795600005,27.37163403200003],[84.42895422100008,27.371098283000038],[84.43511552300004,27.369669232000035],[84.44228496000005,27.36994800100007],[84.44505724300006,27.364633894000065],[84.45308117000008,27.363031438000064],[84.46030400700005,27.360546336000027],[84.46579830100006,27.357940813000027],[84.47304691800008,27.35881732400003],[84.48164434700004,27.360821688000044],[84.49182440200008,27.357604894000076],[84.50207667300003,27.355920746000038],[84.51163062700005,27.353377760000058],[84.52035845900008,27.353451516000064],[84.52882228400006,27.351354913000023],[84.53724413600008,27.350502232000053],[84.54540642100005,27.349265913000067],[84.55411732100004,27.34908589300005],[84.56205433200006,27.347572968000065],[84.57292180200005,27.345092823000073],[84.58458295600008,27.342527330000053],[84.59365096900007,27.340456651000068],[84.60158479700004,27.33875284000004],[84.60579583500004,27.336292411000045],[84.63537636000007,27.318352831000027],[84.68527748400004,27.22056249600007],[84.68519368900007,27.21916064900006],[84.68543963200005,27.217138611000053],[84.68487688200008,27.21568792000005],[84.68547974500007,27.21332267400004],[84.68477041200003,27.21239113300004],[84.68677999200008,27.21035080300004],[84.68634525300007,27.208620249000035],[84.68614860200006,27.207675578000078],[84.68571185100006,27.20681946600007],[84.68437237400008,27.205715788000077],[84.68285029800006,27.20243327600008],[84.68209809000007,27.19933794600007],[84.68301304900007,27.197834106000073],[84.68357574500004,27.19641630700005],[84.68325571900004,27.195578217000048],[84.68273045600006,27.19433419300003],[84.68235452800008,27.193557578000025],[84.68237045300003,27.192885697000065],[84.68254804300005,27.191977518000044],[84.68289207700008,27.190589267000064],[84.68043558000005,27.18856622900006],[84.68099995400007,27.186471278000056],[84.68142830800008,27.184845617000065],[84.68520231200006,27.182193360000042],[84.68135611900004,27.175065148000044],[84.67525823900007,27.170331016000034],[84.67943620200003,27.166724284000054],[84.67627805500007,27.162307328000054],[84.68250904000007,27.157014350000054],[84.68079424700005,27.15391196300004],[84.68330583200003,27.14866554400004],[84.67996817700003,27.137247537000064],[84.67792322000008,27.132602701000053],[84.67849813900006,27.13177623200005],[84.67887866400008,27.12765745100006],[84.67825603000006,27.126522671000032],[84.67725045400005,27.125241439000035],[84.67718201500008,27.124351456000056],[84.67534505200007,27.122714381000037],[84.67632946400005,27.12040291900007],[84.67671636000006,27.118461096000033],[84.67671162900007,27.11507271100004],[84.67312336800006,27.114133309000067],[84.67126231100008,27.112822034000033],[84.66986237300006,27.10737322800003],[84.67417560200005,27.106946550000032],[84.67509308000007,27.101088869000023],[84.67400558400004,27.09559084500006],[84.67244645700004,27.096473409000055],[84.66917126000004,27.095875009000054],[84.66709886900009,27.093691939000053],[84.66417941300006,27.092502866000075],[84.66811291700003,27.092666485000052],[84.67031820700004,27.091253003000077],[84.66884964100007,27.08985888500007],[84.66638759400007,27.08988946200003],[84.66557753800004,27.08792777800005],[84.66339057700003,27.08755749000005],[84.66329577000005,27.08666824900007],[84.66023804000008,27.08497572300007],[84.65796044100006,27.08364403300004],[84.65655477000007,27.08317541200006],[84.65373119300006,27.08262428300003],[84.65674220700004,27.081265640000026],[84.65825335500006,27.079721232000054],[84.65562207000005,27.079240096000035],[84.65233250300008,27.079884821000064],[84.65254772900005,27.077723690000028],[84.65058485800006,27.077161957000044],[84.64860928700006,27.075757673000055],[84.64729794200008,27.076383315000044],[84.64613890900006,27.075606280000045],[84.64672681200005,27.07244509700007],[84.64617211800004,27.07083671600003],[84.64487022700007,27.067707109000025],[84.64330944200003,27.065365254000028],[84.64502132500007,27.063521338000044],[84.64405638000005,27.061400570000046],[84.64384530800004,27.058619281000063],[84.64526544000006,27.057871265000074],[84.64550424100008,27.054832068000053],[84.64620136600007,27.05235553700004],[84.64442293800005,27.051455454000063],[84.64359292900008,27.04960789000006],[84.64304599900004,27.048527312000033],[84.64330299000005,27.046176426000045],[84.71105814700007,27.021375823000028],[84.71307318900006,27.02184167300004],[84.71474034500005,27.020729292000055],[84.71570367200007,27.019874310000034],[84.71692978100003,27.01906006200005],[84.71705855600004,27.017503930000032],[84.71827880300003,27.017509389000054],[84.71899660300005,27.017120890000058],[84.71906115900003,27.015609663000077],[84.72038395800007,27.014936919000036],[84.72167854800006,27.01408230100003],[84.72549447500006,27.013756234000027],[84.72913529300007,27.014836342000024],[84.73092083900008,27.014321705000043],[84.73311140600003,27.013775576000057],[84.75738439200006,27.002976879000073],[84.75837182600003,27.003763417000073],[84.76034110900008,27.00560475800006],[84.76128587200003,27.00707081200005],[84.76269247700003,27.00944609800007],[84.76383644500004,27.01109095700008],[84.76501098200004,27.013384561000066],[84.76657627900005,27.013926928000046],[84.76807442900008,27.01485002800007],[84.76968800800006,27.016320147000044],[84.77130056300007,27.017305699000076],[84.77287738200005,27.01763793400005],[84.78220299200007,27.011910315000023],[84.78384514300006,27.008130916000027],[84.78548553500008,27.010936556000047],[84.78821997100005,27.009394100000065],[84.78776237900007,27.007706919000043],[84.78836384600004,27.00589807800003],[84.78725318300008,27.004345046000026],[84.78730676400005,27.002660938000076],[84.78832328500005,26.998586273000058],[84.78907139100005,26.997248452000065],[84.78970462000007,26.99915538700003],[84.79141463000008,26.999201304000053],[84.79173442000007,26.99830742900008],[84.79134546900008,26.998170817000073],[84.79045763900007,26.997141922000026],[84.79264890700006,26.996247546000063],[84.79359758100009,26.996007708000036],[84.79417578400006,26.99688807800004],[84.79454341500008,26.99906022700003],[84.79573825600005,27.000144203000048],[84.79648508700006,27.001755896000077],[84.79633310300005,27.003352146000054],[84.79707807500006,27.00399741600006],[84.79851877900006,27.003801451000072],[84.79931567000006,27.00261110400004],[84.80014405000009,27.00095599100007],[84.80091340700005,27.002822411000068],[84.80153830600005,27.00515850100004],[84.80325484900004,27.005500683000037],[84.80555285400004,27.00656241300004],[84.80803529300005,27.007902865000062],[84.80646777600003,27.009697892000077],[84.80903541500004,27.010897082000042],[84.80998024900003,27.015184989000034],[84.80726268800004,27.01557666800005],[84.80925768600008,27.01838430400005],[84.81245162300007,27.01623982900003],[84.81155331300005,27.02045773900005],[84.81325179200007,27.018650497000067],[84.82037002000004,27.021511650000036],[84.82410916500004,27.02042222600005],[84.85417537500007,27.00764915800005],[84.85358170800004,27.006170170000075],[84.85176905900005,27.003964073000077],[84.85209540600005,27.002432009000074],[84.85117229500008,27.000717316000078],[84.85111934300005,26.998332437000045],[84.85306020900003,26.997823501000028],[84.85468097100005,26.998258486000054],[84.85757691800006,26.997796051000023],[84.85552505300006,26.996429443000068],[84.85718204600005,26.995511044000068],[84.85754328100006,26.993535907000023],[84.85636011800005,26.99277868300004],[84.85461823100007,26.99318894000004],[84.85690363700007,26.990854010000078],[84.85568317400003,26.98913353900008],[84.85567696200008,26.986517968000044],[84.85730296600008,26.988326769000025],[84.85893573600003,26.988419148000048],[84.86386760900007,26.98536742300007],[84.86591206800006,26.98361705800005],[84.86884719800008,26.984002501000077],[84.88859504900006,26.976931223000065],[84.88940150900004,26.97525458000007],[84.89034274400007,26.972428552000054],[84.89215467600008,26.96962443900003],[84.89191336500005,26.972589777000053],[84.89705652700007,26.972078426000053],[84.90073330400008,26.96979747200004],[84.91342749300009,26.968778461000056],[84.91917893700008,26.968611977000023],[84.92470513200004,26.968282379000073],[84.92912513900006,26.968823619000034],[84.95030408800005,26.961355259000072],[84.95583190300005,26.96005668600003],[84.96013866900006,26.960918045000028],[84.96303356200008,26.95925557700008],[84.96569793100008,26.957956468000077],[84.96613829800003,26.956370941000046],[84.97769920100006,26.93995232800006],[84.97499919200004,26.938933403000078],[84.97773478100004,26.937470442000063],[84.97651217900005,26.934426350000024],[84.97507254200008,26.932266336000055],[84.97073802500006,26.92977830800004],[84.97079068100004,26.92774499500007],[84.97010928700007,26.925634685000034],[84.97109622200009,26.923126874000047],[84.97018703300006,26.920117783000023],[84.96991637800005,26.916664592000075],[85.00070290500008,26.91059371500006],[85.00091034100006,26.909070120000024],[85.00065189300005,26.906906672000048],[85.00168092000007,26.905661879000036],[85.00240078400003,26.904033765000065],[85.00140700500003,26.903647195000076],[84.99892405200006,26.904638696000063],[84.99675004000005,26.906267296000067],[84.99375981300005,26.90560615000004],[84.99817174100008,26.89950354100006],[85.05163677000007,26.88723474300008],[85.04953595600006,26.882148837000045],[85.04653636600005,26.878141047000042],[85.04034156000006,26.879285767000056],[85.03713539000006,26.873874449000027],[85.03147476500004,26.874238211000034],[85.02455391800004,26.872166382000046],[85.02853322600004,26.872041660000036],[85.03253282300005,26.866403637000076],[85.02666344300007,26.864054044000056],[85.03131733300006,26.860219637000057],[85.03066842000004,26.856990691000078],[85.02547042900005,26.85784344800004],[85.03031975100004,26.853840754000032],[85.05860702600006,26.850296895000042],[85.05687657300007,26.851499192000063],[85.05644491800007,26.852902723000057],[85.05725321900007,26.854640269000072],[85.05859504800009,26.855694931000073],[85.06037836600007,26.853738555000064],[85.06205964300005,26.855325512000036],[85.06136050800006,26.857029521000072],[85.06331450000005,26.857699685000057],[85.06298499500008,26.856354621000037],[85.06470837200004,26.85589260200004],[85.06237986100007,26.854904316000045],[85.06160898100006,26.853380773000026],[85.06240508300004,26.85233382900003],[85.06246781400006,26.850192624000044],[85.06498736900005,26.850340784000025],[85.06628929400006,26.853607750000037],[85.06889924800004,26.854423551000025],[85.07066957900008,26.854519692000054],[85.07142675400007,26.85452997400006],[85.07379533900007,26.85598362500008],[85.07616628300008,26.855780022000033],[85.07669455400008,26.856183083000076],[85.07819699900006,26.856142053000042],[85.07700078300007,26.858761627000035],[85.07811730500003,26.857557103000033],[85.08011841500007,26.856722559000048],[85.08145084300008,26.85635398900007],[85.08075903200006,26.854998313000067],[85.08278854800005,26.856514529000037],[85.08280226900007,26.856013208000036],[85.08306731500005,26.854489327000067],[85.08421070900005,26.853312493000033],[85.08724067700007,26.853843556000072],[85.08474388300004,26.85461490600005],[85.08509559700008,26.85581780600006],[85.08742780800003,26.856461215000024],[85.08691201100004,26.858741331000033],[85.08829267100003,26.85917712400004],[85.08950679600008,26.85945692000007],[85.08915644400008,26.860205076000057],[85.08924491300007,26.861212815000044],[85.08756590100006,26.86179871400003],[85.08740731400007,26.86247981300005],[85.08642209200008,26.862932949000026],[85.08562536100004,26.865803795000033],[85.08687310700003,26.867221393000023],[85.08849423700008,26.86799215800005],[85.08973473200007,26.869033322000064],[85.09899701300003,26.871131417000072],[85.11148643300004,26.872390215000053],[85.11428233600003,26.872087176000036],[85.11580076500007,26.871978928000033],[85.11752515100005,26.871912889000043],[85.11930780100005,26.871861213000045],[85.12104844600003,26.87162859400007],[85.12279909700004,26.871591692000038],[85.12498204400003,26.870365211000035],[85.12847129100004,26.86937026000004],[85.13252353800004,26.86840581900003],[85.19203057300007,26.840546760000052],[85.17979685400007,26.79891886200005],[85.18044459200007,26.79568894600004],[85.18582194700008,26.795558721000077],[85.18580262700004,26.79153199800004],[85.19018527000009,26.791379583000037],[85.19297762400004,26.78972400500004],[85.19386748400007,26.787298070000077],[85.19400709000007,26.783238244000074],[85.19765865400007,26.769529943000066],[85.25444939800008,26.75795707800006],[85.32123721500005,26.747464210000032],[85.38090038000007,26.76885867200008],[85.43227574900004,26.79025281500003],[85.45381240000006,26.78291838100006],[85.45295083800005,26.782024673000024],[85.45500002600005,26.782455713000047],[85.45752354300004,26.783799833000046],[85.45899412600005,26.784363726000038],[85.45791042000008,26.784430973000042],[85.46193507200007,26.787089722000076],[85.46372284300008,26.788506838000046],[85.46456301600006,26.788212300000055],[85.46671292400003,26.78906475100007],[85.46955906000005,26.789267788000075],[85.47470109200003,26.790925747000074],[85.47866542600008,26.794708609000054],[85.47910733400005,26.802178493000042],[85.49646778800007,26.799379181000063],[85.49486935300007,26.802440554000043],[85.49623998000004,26.802218838000044],[85.49740567900005,26.806638012000064],[85.49664752300004,26.809983627000065],[85.49805954700008,26.81155092700004],[85.49978584500008,26.812876521000078],[85.57628578900005,26.860652478000077],[85.57848754600008,26.859083533000046],[85.57811314900005,26.85675300200006],[85.58115651100007,26.858507506000024],[85.58348652100005,26.857279563000077],[85.58542249300007,26.85159389100005],[85.58553644000006,26.847339608000027],[85.73379657100008,26.73748854200005],[85.73236324200008,26.736218695000048],[85.72928365900003,26.73358773700005],[85.73011525900006,26.731515699000056],[85.73138395100005,26.730665117000058],[85.72883864900007,26.729667541000026],[85.72924669400004,26.726254425000036],[85.72792948200004,26.724214535000044],[85.72570265500008,26.720278278000023],[85.72795546500004,26.71755421100005],[85.72644667100008,26.71408292800004],[85.72561723300004,26.71082145500003],[85.72481521400005,26.70755074500005],[85.72587586100008,26.706189445000064],[85.72437338400005,26.70216556500003],[85.72325086800004,26.699697170000036],[85.72483950800006,26.696441373000027],[85.72409559900007,26.694071241000074],[85.72448465200006,26.691594827000074],[85.72369758300005,26.68615308300008],[85.72534772600005,26.68483045000005],[85.72455682600008,26.682431713000028],[85.72477571100006,26.678580948000047],[85.72397087800005,26.675369474000036],[85.72601639900006,26.674444454000025],[85.72544707200007,26.67091553800003],[85.72869330700007,26.66804146000004],[85.73049151400005,26.66767782900007],[85.73047442700005,26.665959821000058],[85.73194645000007,26.665676377000068],[85.73583714100005,26.66450827400007],[85.73557347700006,26.662355482000066],[85.73520878100004,26.659239924000076],[85.73357030500006,26.656190993000052],[85.73206613000008,26.65413988100005],[85.73427299700006,26.653668442000026],[85.73544903700008,26.652674022000042],[85.73465177600008,26.650698053000042],[85.73576343900004,26.65178647600004],[85.73756757500007,26.649618579000048],[85.74634121200006,26.64076526100007],[85.74755010200005,26.640025672000036],[85.78146149200006,26.628341568000053],[85.84946757600005,26.568755735000025],[85.85191966200006,26.569173934000048],[85.85533069200005,26.571510191000073],[85.85720971800004,26.57252357400006],[85.85803565300006,26.569750905000035],[85.85937981400008,26.57024984800006],[85.86285329600008,26.57217311200003],[85.86466553400004,26.573387437000065],[85.86916673300004,26.575881382000034],[85.86956602700008,26.578325172000064],[85.87160677200006,26.57919146000006],[85.87392897700005,26.579763185000047],[85.87879980400004,26.581791820000035],[85.87857944000007,26.583754842000076],[85.88298321000008,26.583563613000024],[85.88713470800008,26.583041711000078],[85.88841992000005,26.586245992000045],[85.88907524600006,26.58922145400004],[85.89122817300006,26.59207029600003],[85.89405732100005,26.595203195000067],[85.89688622400007,26.59457075100005],[85.90123905600007,26.597542709000038],[85.90217713200008,26.60005712000003],[85.90346461400009,26.601790003000076],[85.90695760500006,26.603408909000052],[85.91139552400006,26.60464892300007],[85.91262929800007,26.60661903600004],[85.91481146100006,26.608577256000046],[85.91983839700004,26.610163345000046],[85.92291482400003,26.60934771700005],[85.92663007800007,26.609889622000026],[85.92803774700008,26.613560648000032],[85.92836868900008,26.61541348800006],[85.92996889100004,26.615754699000036],[85.93162484900006,26.61343317500007],[85.93576656600004,26.61610589600008],[85.93885309200004,26.614847231000056],[85.94619522300007,26.612993505000077],[85.94836517800007,26.615245360000074],[85.94592425600007,26.61520467300005],[85.94582540900007,26.617261695000025],[85.94549012000004,26.620882640000048],[85.94866926000003,26.622709392000047],[85.95021205400008,26.62477692400006],[85.95185777300009,26.624934814000028],[85.95308604500008,26.627260972000045],[85.95564956500004,26.630576586000075],[85.95325398000006,26.63418751000006],[85.95329034300005,26.63821411600003],[85.95310608600005,26.642813973000045],[85.95609250000007,26.646639022000045],[85.95830562600008,26.64778056800003],[85.95928911800007,26.650446728000077],[85.96166550700008,26.650421124000047],[85.96391945900007,26.652364960000057],[85.96560123400008,26.651688358000058],[85.96762236400008,26.65166200500005],[85.96910604200008,26.653580119000026],[85.96986737800006,26.655384862000062],[85.97350696500007,26.655151914000044],[85.97468046000006,26.65743395800007],[85.97634889100004,26.658003268000073],[85.97989027700004,26.657959986000037],[85.98243703500003,26.657143613000073],[85.98467483400003,26.657097661000023],[85.98883055000005,26.656773626000074],[85.99291723300007,26.65579487900004],[85.99486868200006,26.65584626800006],[85.99896001500008,26.65546396900004],[86.00274240600004,26.656323850000035],[86.00496233000007,26.65669702400004],[86.00919709400006,26.654681666000045],[86.01152777300007,26.65575291600004],[86.01229769400004,26.65872173200006],[86.01312633300006,26.660135333000028],[86.01612701600004,26.660982208000064],[86.02022655400003,26.66224813100007],[86.02248238700008,26.66400340100006],[86.02448191600007,26.664872295000066],[86.02710982500008,26.665935020000063],[86.07124440400008,26.654840424000042],[86.15435004700004,26.609925585000042],[86.17246415500006,26.616354556000033],[86.17570010300005,26.61539052300003],[86.18280763300004,26.61390753200004],[86.19131150500004,26.615072309000027],[86.19340217600006,26.611235555000064],[86.19063529700009,26.611503391000042],[86.19534782900007,26.608224076000056],[86.19637655600008,26.602045820000058],[86.19692552100008,26.59796365300008],[86.19568489700004,26.595691185000078],[86.19952141800007,26.595271421000064],[86.20170142100005,26.59534290700003],[86.20439039600006,26.59653909900004],[86.20563063700007,26.596471450000024],[86.20717893200003,26.594528036000042],[86.20797396200004,26.59296536900007],[86.20902229200004,26.592593849000025],[86.21121144000006,26.592733508000038],[86.21344652800008,26.591426279000075],[86.21514531100007,26.59026553900003],[86.21823246700006,26.588858019000043],[86.22230770700008,26.59085814200006],[86.22408311600003,26.591231266000023],[86.22614216100004,26.590876280000032],[86.22804014000008,26.591607131000046],[86.23073508600004,26.591637138000067],[86.23334162300006,26.592188128000032],[86.23444242000005,26.59085050300007],[86.23444302900003,26.595153837000055],[86.23473923400007,26.598243472000036],[86.23725133300007,26.600837071000058],[86.23848095900007,26.60118589600006],[86.23960487000005,26.602947923000045],[86.24304604800005,26.60311358200005],[86.24231650000007,26.60592740100003],[86.24378209100007,26.606951138000056],[86.24525270500004,26.609060019000026],[86.24668136900004,26.608480198000052],[86.24792794200005,26.60842002800007],[86.24898412600004,26.609944674000076],[86.24798579700007,26.612466047000055],[86.24943636500007,26.613327643000048],[86.25019630500003,26.61433261800005],[86.25144713500003,26.61619651600006],[86.25367891600007,26.616375377000054],[86.25295615100003,26.614983425000048],[86.34478853800005,26.61692714000003],[86.34358793700005,26.61540946200006],[86.34190848800006,26.61171260800006],[86.33982712800008,26.612297608000063],[86.34050356700004,26.610134680000044],[86.33817498400003,26.607762973000035],[86.34164522800006,26.605992109000056],[86.39595343000008,26.588113366000073],[86.45571951800008,26.567991821000078],[86.52466926600005,26.543204038000056],[86.52970802100003,26.54194568300005],[86.53462633300006,26.54031977900007],[86.53972019800005,26.53899769800006],[86.54294751000003,26.537065980000023],[86.54409456500008,26.53591030800004],[86.54486297000005,26.534692238000048],[86.54768501500007,26.531675101000076],[86.55049029700007,26.53017178500005],[86.55162686300008,26.52686],[86.55414358400003,26.524189276000072],[86.55427255700005,26.52148721100008],[86.55584288100005,26.51845978800003],[86.55484471800008,26.51810867200004],[86.55470034800004,26.516046353000036],[86.56064519400007,26.509821938000073],[86.56171003700007,26.508507777000034],[86.56224727900008,26.507719560000055],[86.56362834500004,26.50555178700006],[86.56375914200004,26.504315010000028],[86.56456228300004,26.502190279000047],[86.56505373800007,26.49986806000004],[86.56652943800003,26.500307896000038],[86.56771901800005,26.499748320000037],[86.56916670200008,26.498677890000067],[86.56948741300005,26.49741580500006],[86.56989401000004,26.496951746000036],[86.61240160200003,26.486726314000066],[86.61533943900008,26.485039878000066],[86.61723443300008,26.484171986000035],[86.62084405000007,26.481566545000078],[86.62484207500006,26.480317504000027],[86.62611389200003,26.478099231000044],[86.62762419000006,26.47648870200004],[86.62831615000005,26.47884201100004],[86.62932618700006,26.477355784000054],[86.62800404300003,26.475136992000046],[86.62588930400005,26.47264636500006],[86.62575187000004,26.469278580000037],[86.62694551500005,26.468048752000072],[86.62709886400006,26.46696367100003],[86.62958210100004,26.46679030200005],[86.63134474800006,26.468957205000038],[86.63206923200005,26.465881462000027],[86.63463043700006,26.46385555200004],[86.63681787600007,26.46639218200005],[86.63869001700004,26.463469426000074],[86.69176706900004,26.45147121800005],[86.69380130600007,26.45085887600004],[86.69398672300008,26.44933999400007],[86.69608894100008,26.448931410000057],[86.69612444700005,26.447525891000055],[86.69571567200006,26.445851469000047],[86.69677794400008,26.443648947000042],[86.69902349000006,26.441993610000054],[86.69971947200008,26.43945977000004],[86.69936623400008,26.437653554000065],[86.70100527700004,26.437132045000055],[86.72499145900008,26.426394784000024],[86.72669404800007,26.425548304000074],[86.72853007200007,26.426946564000048],[86.73060231400007,26.426005993000047],[86.72956525900008,26.42373995400004],[86.73002229100007,26.42275973200003],[86.73160553500009,26.423726074000058],[86.73461784400007,26.424172602000056],[86.73641450200006,26.424035942000046],[86.73887747800006,26.426106943000036],[86.74051375200008,26.424875817000043],[86.74232659700004,26.426469344000054],[86.74608848400004,26.428431543000045],[86.74714662300005,26.431163811000033],[86.74579796300009,26.43457208700005],[86.74350073700003,26.43560940900005],[86.74597320000004,26.43543889500006],[86.74848340200003,26.439633884000045],[86.75139117700007,26.442309511000076],[86.75295846400007,26.443959198000073],[86.75480960700008,26.447600932000057],[86.75899774700008,26.448691085000064],[86.75983316500003,26.44886348800003],[86.76013417700005,26.451911454000026],[86.76239590400007,26.451134240000044],[86.76446104800004,26.451521867000054],[86.76365426800004,26.453253962000076],[86.76327128700007,26.454942324000058],[86.76431432600003,26.45811427500007],[86.76758897000008,26.458880994000026],[86.83246184200004,26.439352901000063],[86.83480400700006,26.44108622300007],[86.83655116700004,26.44017916300004],[86.83858954900006,26.442026698000063],[86.83909042300007,26.441223242000035],[86.84205667700007,26.44041275400008],[86.84391983600005,26.44138386700007],[86.84563963400007,26.442037364000043],[86.84510014800009,26.444549426000037],[86.84618855500008,26.44866522500007],[86.85147338000007,26.44779092500005],[86.85691259200007,26.44954572900008],[86.85838724900003,26.453723081000078],[86.86117140400006,26.457588161000047],[86.86496663500003,26.455645583000035],[86.86739171000005,26.45494358600007],[86.87097143700004,26.45475641200005],[86.87361741700005,26.455137001000026],[86.87547859900008,26.456298857000036],[86.87674877600006,26.45703194400005],[86.87878382300005,26.457347053000035],[86.88213292900008,26.45974080600007],[86.88356638500005,26.460710066000047],[86.88674517700008,26.461508518000073],[86.88997047100008,26.461495107000076],[86.89137958700007,26.461579481000058],[86.89378314700008,26.462075397000035],[86.89431284700004,26.46506436900006],[86.89494376100004,26.467691201000036],[86.89452844800007,26.468972088000044],[86.89235529700005,26.46899525500004],[86.89288113500004,26.470817415000056],[86.89242620700009,26.472157481000067],[86.89330979900006,26.473892938000063],[86.89202581400008,26.47589533200005],[86.89280759200005,26.47680931700006],[86.89241281100004,26.477634641000066],[86.89174546200007,26.47925815600007],[86.89004494000005,26.48180594400003],[86.89134904200006,26.484234296000068],[86.89147164000008,26.486140929000044],[86.89348677200007,26.48718898800007],[86.93269703700008,26.517395615000055],[86.95938676700007,26.52046018900006],[86.96522505600007,26.523892596000053],[86.99356634300005,26.524224726000057],[87.06616147800008,26.586295165000024],[87.07840595300007,26.529347827000038],[87.13936894500006,26.41467753200004],[87.21102333900006,26.411937184000067],[87.21116195300004,26.40954599300005],[87.21267681900008,26.408751477000067],[87.21500974100007,26.407481714000028],[87.21708055600004,26.406817844000045],[87.21796475900004,26.404374173000065],[87.21915814500005,26.403350679000027],[87.22076359400006,26.404637594000064],[87.22166903100003,26.40459382800003],[87.22221680600006,26.405580644000054],[87.22343278900007,26.40581342400003],[87.22368207200003,26.40686910900007],[87.22399887700004,26.408184595000023],[87.22430924400004,26.408550675000072],[87.22568608500006,26.40889425000006],[87.22618680400006,26.409955487000047],[87.22612235200006,26.410934318000045],[87.22759280100007,26.41138451300003],[87.22774738300006,26.41245031300008],[87.24788866700004,26.413630999000077],[87.24790215600007,26.41150863200005],[87.24898833000003,26.410851356000023],[87.24965542300004,26.40968368600005],[87.25113563400004,26.410015127000065],[87.25333965600004,26.410925444000043],[87.25497415100006,26.410537641000076],[87.26584193500008,26.403603045000068],[87.34752857400008,26.351587600000073],[87.54750350300003,26.418462868000063],[87.71230265200006,26.426938885000027],[87.71391630600004,26.42502482900005],[87.71368521900007,26.42361651300007],[87.71442534800008,26.42346450100007],[87.71483322400007,26.42266951700003],[87.71601391400009,26.421747604000075],[87.71742011600008,26.42244361400003],[87.71875621300006,26.421879267000065],[87.72035633800004,26.42091847100005],[87.72130779600008,26.419419531000074],[87.72241261900007,26.41927312200005],[87.72220973100008,26.417450061000068],[87.72405496700009,26.41617440400006],[87.72351778400008,26.413625420000074],[87.74996444600004,26.41619980300004],[87.75080252500004,26.411811674000035],[87.76669801100007,26.41081542200004],[87.76629997000003,26.41192287000007],[87.76656708500008,26.414237081000067],[87.76658930500008,26.417546919000074],[87.77150289000008,26.42193856500006],[87.77346015400008,26.420891492000067],[87.77606724000003,26.426734398000065],[87.77264861800006,26.425219261000052],[87.77060744900007,26.428051269000036],[87.77346447200006,26.42800318600007],[87.77528050500007,26.42983814100006],[87.77777953500004,26.43361569600006],[87.77541575300006,26.438629115000026],[87.77763214100008,26.442997208000065],[87.77650064900007,26.445773313000075],[87.77682003900009,26.447682004000058],[87.77480619500005,26.447808218000034],[87.77278285200003,26.448504787000047],[87.77414333200005,26.450361048000048],[87.77707045400007,26.45080801900008],[87.77938345200005,26.450843349000024],[87.77745593300006,26.45146599900005],[87.77570143600008,26.452418159000047],[87.77707590000006,26.453461960000027],[87.78083436000009,26.453391125000053],[87.78309004200008,26.45818864000006],[87.78829820200008,26.460979572000042],[87.78707071400004,26.464718393000055],[87.86147461000007,26.44922987700005],[87.86141496200008,26.451603168000076],[87.86233454400008,26.453065218000063],[87.85998630600005,26.45434233700007],[87.85810869400007,26.456516039000064],[87.85909364900004,26.459561957000062],[87.85892099400007,26.460843685000043],[87.85821004900004,26.462037009000028],[87.85827944600004,26.46403932800007],[87.86160244100006,26.463951319000046],[87.86323330400006,26.467529589000037],[87.92560009800007,26.441549691000034],[87.91788880200005,26.435708214000044],[87.91687399200003,26.430129665000038],[87.92475482000003,26.428221853000025],[87.92609348600007,26.419924537000043],[87.93066335200007,26.418197012000064],[87.99157810700007,26.371035651000057],[87.99356497200006,26.369576231000053],[87.99336803600005,26.368617511000025],[87.99438084400003,26.36782026900005],[87.99522547300006,26.36737785300005],[87.99546320400003,26.366204134000043],[87.99783937200004,26.365137016000062],[87.99973329200003,26.366686559000073],[88.00148699900006,26.365767563000077],[88.00299251300004,26.364801714000066],[88.00483766000008,26.363672877000056],[88.00577361000006,26.362661697000078],[88.00592672500005,26.361625537000066],[88.02945810400007,26.367169397000055],[88.02848035900007,26.37304664800007],[88.03014865600005,26.377635850000047],[88.02740812200005,26.380337413000063],[88.03098069900005,26.382573012000023],[88.03416056000003,26.388568873000054],[88.03596494400006,26.390655338000045],[88.03679595600005,26.391735483000048],[88.03850373000006,26.394162141000038],[88.04226115000006,26.39576474300003],[88.04561141900007,26.397744199000044],[88.04543878700008,26.39896197400003],[88.04677508600008,26.400765957000033],[88.04722087700009,26.40114777900004],[88.04786707700003,26.400737417000073],[88.05021018200006,26.40113024900006],[88.05195171600008,26.39955549900003],[88.05229096400006,26.401211705000037],[88.05579505900005,26.401225898000064],[88.05418714900009,26.402465146000054],[88.05601226100003,26.403412982000077],[88.05759582500008,26.406708817000037],[88.06026888500008,26.409803475000047],[88.06466706500004,26.408174925000026],[88.06841223600009,26.41435739700006],[88.07698958100008,26.41970996300006],[88.08484687400005,26.422631151000076],[88.09060718900008,26.426236412000037],[88.09016651300004,26.429155010000045],[88.09188412400005,26.43387914500005],[88.09200669600006,26.439606325000057],[88.09606408400003,26.445414647000064],[88.09370844500006,26.455887591000078],[88.09192352800005,26.45708696500003],[88.09053852100004,26.45864716600005],[88.08852883900005,26.460455426000067],[88.09045247800003,26.464624290000074],[88.09543126000005,26.461947647000045],[88.10013824900005,26.462870508000037],[88.10543030600007,26.468773103000046],[88.10114908700007,26.476389296000036],[88.10066763700007,26.48157946300006],[88.10486600700006,26.483905981000078],[88.10630681500004,26.48545009600008],[88.10578933100004,26.486990800000058],[88.10600717500006,26.488369172000034],[88.10504200400004,26.489412956000024],[88.09942084000005,26.496212078000042],[88.10163943800006,26.50287688000003],[88.09898207300006,26.517982588000052],[88.10403797700008,26.529113262000067],[88.10088600100005,26.539907853000045],[88.11046672300006,26.547328814000025],[88.10894491500005,26.557186306000062],[88.11040052900006,26.562186531000066],[88.11235190700006,26.56487074200004],[88.11218437400004,26.571736224000063],[88.11915787500004,26.56889660400003],[88.12269039900008,26.572552769000026],[88.12759771600008,26.574956729000064],[88.12953048400004,26.58821583200006],[88.14028037900005,26.61336625900003],[88.15772413500008,26.635613765000073],[88.15773260300006,26.640274283000053],[88.16287072400007,26.64653504200004],[88.16467588000006,26.66830645500005],[88.16699200900007,26.686246508000067],[88.16904129400007,26.70151751800006],[88.17983440700004,26.717248719000054],[88.18459547600008,26.731898814000033],[88.18569015500003,26.756969855000023],[88.18123635600006,26.79139836400003],[88.17764239200005,26.804157924000037],[88.17866042700007,26.81710230400006],[88.17336279200003,26.824584283000036],[88.17214406300008,26.82963464000005],[88.17411713600006,26.833385687000032],[88.17076489100003,26.836080164000066],[88.16735622100003,26.83796474600007],[88.16937130100007,26.843474289000028],[88.16836024300005,26.84682177600007],[88.16818021400007,26.85027796600008],[88.17125894900005,26.851816111000062],[88.17471576000008,26.853853213000036],[88.17381802900007,26.85637613600005],[88.17439221700005,26.859391256000038],[88.17196459600007,26.86169571000005],[88.17306665400008,26.864107947000036],[88.17286896100006,26.865606383000056],[88.17225848300006,26.86868630500004],[88.16922068900004,26.86909230300006],[88.16623353200004,26.870294573000024],[88.16484225800008,26.872836345000053],[88.16417765000006,26.875747614000034],[88.16303295600005,26.87869819200006],[88.16072960500009,26.881383047000043],[88.15701874300004,26.883592625000063],[88.15591101200005,26.885362205000035],[88.15256610200004,26.885262778000026],[88.15098136800003,26.886698984000077],[88.14823190200008,26.888085115000024],[88.14553070500006,26.889438066000025],[88.14355540000008,26.890941112000064],[88.14162962800003,26.893732127000078],[88.13961107100005,26.89563680400005],[88.13862639500007,26.897323735000043],[88.13612838900008,26.898841816000072],[88.13782483600005,26.901388757000063],[88.13865021400005,26.904424477000077],[88.13954755600008,26.90621953300007],[88.14129745400004,26.909181043000046],[88.14298169000006,26.91257107100006],[88.14471058300006,26.915882663000048],[88.14421693200006,26.918574445000047],[88.14559481500004,26.920369274000052],[88.14254292000004,26.92484766900003],[88.13864436100005,26.930869560000076],[88.13384085700005,26.93606380800003],[88.12858014000005,26.93958232600005],[88.12630114000007,26.94262580900005],[88.12293566500006,26.94732235500004],[88.12109101700008,26.95456349600005],[88.12254010400005,26.96247911300003],[88.12290683800006,26.96944721400007],[88.12646278600005,26.974689961000024],[88.13031468000008,26.980133943000055],[88.13263967100005,26.982671547000052],[88.13517311700008,26.985138583000037],[88.12829397000007,26.98772267000004],[88.12054472500006,26.987222647000067],[88.11683975300008,26.98787833800003],[88.11100537500005,26.991225202000066],[88.10871504200009,26.99512674600004],[88.10673074100004,26.996564084000056],[88.10388227000004,26.997930651000047],[88.10117671100005,27.001307489000055],[88.09772296500006,27.00400524400004],[88.09319518100006,27.004758819000074],[88.08902884500003,27.007684290000043],[88.08806061300004,27.01092791800005],[88.08855213200007,27.01467470800003],[88.08535509200004,27.01994903900004],[88.08356400300005,27.024491047000026],[88.08252443200007,27.029690465000044],[88.07672194800006,27.035532068000066],[88.07295233000008,27.034093535000068],[88.06837524700006,27.031511469000066],[88.06289297400008,27.030187887000068],[88.05874266100005,27.03104823600006],[88.05378775500003,27.033131507000064],[88.04788071100006,27.035024753000073],[88.04141432500006,27.03631757000005],[88.03720561900008,27.036893573000043],[88.03635833900006,27.040316044000065],[88.03480612100003,27.04323385300006],[88.03244179100005,27.045113547000028],[88.03016142700005,27.047032450000074],[88.02784943900008,27.05056541500005],[88.02576574600005,27.054742519000058],[88.02482297900008,27.05902045600004],[88.02258577600008,27.062614217000032],[88.02256478700008,27.065072649000058],[88.02090322600003,27.06916389400004],[88.01855818000007,27.069993882000063],[88.01556841600006,27.074035692000052],[88.01618735100004,27.077295142000025],[88.01788580300007,27.08000536800006],[88.02040446800004,27.084347216000026],[88.01966335900005,27.087425626000027],[88.01550094200007,27.088558942000077],[88.01345252000004,27.091995586000053],[88.01179341800008,27.09630349100007],[88.00912081500007,27.09827613400006],[88.00793197300004,27.100589305000028],[88.00484693100003,27.103016527000023],[88.00144258200004,27.10480054100003],[87.99715891600005,27.103821324000023],[87.99116796800007,27.105870495000033],[87.99047992800007,27.11121140800003],[87.98926565200009,27.116248728000073],[87.98731992700004,27.11935853600005],[87.98871247000005,27.121736046000024],[87.98980537100005,27.124496746000034],[87.99114541400007,27.12832029200007],[87.99115422100004,27.130751032000035],[87.99549017700008,27.132512821000034],[87.99890373100004,27.134228932000042],[87.99968406700003,27.137690603000067],[88.00059133500008,27.14009273700003],[88.00411389400006,27.14170451600006],[88.00679363900008,27.14332895600006],[88.00781864000004,27.14544648900005],[88.00835439300005,27.149428215000057],[88.00920367600008,27.151752097000042],[88.00951984700004,27.15634213800007],[88.01095505900008,27.15944316100007],[88.01132492700003,27.161934006000024],[88.01114807300007,27.166172032000077],[88.01399860600009,27.16721750000005],[88.01673378700008,27.169809590000057],[88.01881588300006,27.171122381000032],[88.01777769300008,27.17349243600006],[88.01532018000006,27.175314901000036],[88.01225644700008,27.177856747000078],[88.01285957600004,27.180680987000073],[88.01312923500006,27.18354824100004],[88.01334569400007,27.18640648400003],[88.01396361700006,27.190086223000037],[88.01592090300005,27.193402776000028],[88.01593817000008,27.197347515000047],[88.01430182400009,27.201259942000036],[88.01151579400005,27.203804993000062],[88.01432992300005,27.20771055800003],[88.01538206400005,27.211141129000055],[88.01329565500004,27.214224282000032],[88.01454669000003,27.221141815000067],[88.01773628300003,27.223157541000035],[88.01897562300007,27.227670664000073],[88.01962014000009,27.232381075000035],[88.02058822600009,27.237269350000076],[88.02198335100007,27.237706021000065],[88.02348704200006,27.237871394000024],[88.02443240100007,27.239687720000063],[88.02482074600005,27.24278988700007],[88.02662665000008,27.24581854400003],[88.02778259800004,27.249264827000047],[88.03066136900009,27.250110649000078],[88.03057695100006,27.25574259800004],[88.03078137500006,27.262435408000044],[88.03151908300003,27.26702904700005],[88.03086601300004,27.27362436100003],[88.03231199100009,27.278779159000067],[88.03222827500008,27.283594218000076],[88.03251612000008,27.286922834000052],[88.03482610600008,27.28913510500007],[88.03702965100007,27.29017096800004],[88.03953771100004,27.291898656000058],[88.04291950200007,27.291648834000057],[88.04397853900008,27.292898044000026],[88.04402385500003,27.294840389000058],[88.04374947300005,27.29639004200004],[88.04281936900009,27.29822435600005],[88.04200309700008,27.30036699900006],[88.04117795300004,27.30186849100005],[88.04122011700008,27.30351330900004],[88.04298854600006,27.30686600200005],[88.04701001200004,27.311261904000048],[88.04896036000008,27.314590188000068],[88.04937424200006,27.31719305000007],[88.04949597600006,27.319249996000053],[88.05135808200004,27.32199722400003],[88.05393890600004,27.32558431800004],[88.05991891700006,27.328462999000067],[88.06219654200004,27.33253805800007],[88.06513802000006,27.335494379000068],[88.06550848400008,27.338273297000057],[88.06305074400007,27.343520952000063],[88.06155178300008,27.346807515000023],[88.05888876200004,27.35151011000005],[88.05736506800008,27.355961585000045],[88.05467787000003,27.357705236000072],[88.05133496900004,27.358311749000052],[88.04652990200003,27.363405759000045],[88.04306231400005,27.368998429000044],[88.04237179500007,27.374633690000053],[88.04446380100006,27.379191997000078],[88.04502540300007,27.382430527000054],[88.04468559300005,27.385782643000027],[88.04505831300008,27.388850928000068],[88.04585029000003,27.39298474900005],[88.04749148900004,27.399139974000036],[88.04850494900006,27.400869989000057],[88.04763152700008,27.40405003500007],[88.04842635900008,27.406501814000023],[88.05022047300008,27.410008644000072],[88.05104807500004,27.413137552000023],[88.05297090000005,27.41506896800007],[88.05564953900006,27.41828851200006],[88.05834532600005,27.418788842000026],[88.06336800700007,27.42225857300008],[88.06681456900003,27.42496204400004],[88.07006512100008,27.42611506000003],[88.07229769000008,27.426060670000027],[88.07387894200008,27.427458184000045],[88.07398658000005,27.433518872000036],[88.06888507000008,27.437374386000045],[88.06976845800006,27.44222897800006],[88.07224639000003,27.44594605800006],[88.06844868100006,27.449121371000047],[88.06502199800008,27.453489128000058],[88.06644513700007,27.456067779000023],[88.06516244000005,27.45911572600005],[88.05918151700007,27.462963494000064],[88.05713612500006,27.46665434500005],[88.05402982300006,27.46882218500008],[88.05151826600007,27.471322331000067],[88.04775083100003,27.47403470200004],[88.04429728600007,27.477862671000025],[88.04406138900003,27.484031751000032],[88.04439032000005,27.49246703800003],[88.04453079000007,27.498156777000077],[88.04694801100004,27.50181239400007],[88.04916537600008,27.50281416100006],[88.05091464300006,27.504550891000065],[88.05375856100005,27.504789178000067],[88.05554715800008,27.506693781000024],[88.05965290900008,27.51119910500006],[88.06069199600006,27.513677596000036],[88.05656958300005,27.519882705000043],[88.06081394200004,27.525065355000038],[88.06481584000005,27.526729726000042],[88.06638456900004,27.528292304000047],[88.05951518700004,27.531916554000077],[88.06005489400007,27.536939474000064],[88.06162152400003,27.54092570000006],[88.06366165800006,27.542826692000062],[88.06596301500008,27.54506401900005],[88.06790195700006,27.545937156000036],[88.06869452300003,27.549237985000048],[88.06945792600004,27.55564811000005],[88.07353720500004,27.557312371000023],[88.07573806600004,27.558403655000063],[88.07815337100004,27.560351100000048],[88.07881059600004,27.561577897000063],[88.07984287500005,27.56301467000003],[88.08015502600006,27.56423891700007],[88.08033162100008,27.566578408000055],[88.07502759000005,27.57204588600007],[88.07877235400008,27.578814238000064],[88.08214408200007,27.585577267000076],[88.08874631500004,27.59443480400006],[88.09231222000005,27.597459644000025],[88.09567865900004,27.598492647000057],[88.10120214000005,27.601026158000025],[88.10748381900004,27.60455676600003],[88.11131729600004,27.608266250000042],[88.11358355300007,27.612365986000043],[88.11906351100004,27.626886803000048],[88.11842644900008,27.63497403300005],[88.11995684100003,27.63769946800005],[88.11987421400005,27.641191040000024],[88.12019100600008,27.64543298700005],[88.12361771700006,27.64883926300007],[88.12554714200007,27.65061083200004],[88.12677217700008,27.651190666000048],[88.12885527000003,27.65209639300008],[88.13032365900006,27.653368383000043],[88.13108851900006,27.655191659000025],[88.13434092000006,27.655936095000072],[88.13664745800008,27.657070007000073],[88.13883444800007,27.65907143100003],[88.14185183800004,27.662552941000058],[88.14471639100003,27.666187791000027],[88.14590912500006,27.671507484000074],[88.14684682200004,27.67412153600003],[88.14659075800006,27.676101498000037],[88.14733679100004,27.68035039600005],[88.14830218600008,27.681319803000065],[88.14873865900006,27.682639161000054],[88.14886488000008,27.683178629000054],[88.14908935200003,27.683745231000046],[88.15003195300005,27.684162324000056],[88.15038225300003,27.684623163000026],[88.15041342800004,27.685322376000045],[88.15082689500008,27.686037833000057],[88.15132990100005,27.686932796000065],[88.15267818300003,27.688926836000064],[88.15348289600007,27.69056884400004],[88.15409287100005,27.69173330700005],[88.15329130600009,27.693116474000078],[88.15095163000007,27.696138322000024],[88.15055497600008,27.698906213000043],[88.14869104900004,27.70143078700005],[88.14770966700007,27.702513413000077],[88.14828161300005,27.703780062000078],[88.14901736000007,27.708100397000067],[88.15277730800005,27.711947622000025],[88.15396746600004,27.71476317300005],[88.15557020000006,27.718248999000025],[88.15442639400004,27.72193644400005],[88.15442380000007,27.728069437000045],[88.15491021900004,27.73148945300005],[88.15581846600008,27.734614907000037],[88.15607055600003,27.736147066000058],[88.15768814200004,27.73777309600007],[88.15831450100006,27.73972877700004],[88.16076216400006,27.740121360000046],[88.16374683200007,27.740245010000024],[88.16663508400006,27.741071481000063],[88.17201231200005,27.742684405000034],[88.17425124200008,27.744104417000074],[88.17835677100004,27.74851926100007],[88.17901307300008,27.76024401600006],[88.18158090000009,27.769560786000056],[88.18135215500007,27.775828619000038],[88.18609664900004,27.778227839000067],[88.18859897500005,27.781829367000057],[88.19104537000004,27.783635661000062],[88.19278142600007,27.785115682000026],[88.19445634100003,27.786342598000033],[88.19526830800004,27.78698477900008],[88.19569353100007,27.789013272000034],[88.19675332800006,27.790621412000064],[88.19622633800003,27.793105297000068],[88.19443935900006,27.795463839000035],[88.19003225200004,27.798246642000038],[88.18657976700007,27.80244780000004],[88.18620164000004,27.805534050000063],[88.18508063900003,27.81040997200006],[88.18090332500003,27.81369733100007],[88.17488297500006,27.81757934600006],[88.17399176900005,27.820884808000073],[88.18164792900006,27.822881405000032],[88.18792293000007,27.82578066800005],[88.19091294400005,27.83036080000005],[88.19325755700004,27.834139046000075],[88.19656417700008,27.83650193400007],[88.20069136700005,27.837165775000074],[88.20159870700007,27.83869913700005],[88.20148017500009,27.840627088000076],[88.20124452300007,27.842929928000046],[88.19864498500004,27.84523328000006],[88.19731859900008,27.849664020000034],[88.19568783500006,27.85411479100003],[88.19049789500008,27.854111380000063],[88.18599082500003,27.856026408000048],[88.18116971200004,27.85672137100005],[88.17667245900003,27.858317211000042],[88.17458681800008,27.860474328000066],[88.17257258200004,27.86342384900007],[88.16842210300007,27.865036002000068],[88.16664048600006,27.866260486000044],[88.16520150300005,27.86776898000005],[88.16234904000004,27.869389686000034],[88.15995474300007,27.869907503000036],[88.15793960800005,27.870572491000075],[88.15578090100007,27.870959963000075],[88.15301850700007,27.872235829000033],[88.15154333400005,27.873777231000076],[88.15024910600005,27.875472821000074],[88.14873385900006,27.876408023000067],[88.14563977700004,27.876692957000046],[88.14148169600008,27.87848615400003],[88.13841152000003,27.87930068000003],[88.138524,27.888672],[88.121425,27.909692],[88.132561,27.9352],[88.138224,27.958281001000046],[88.167301,27.954569],[88.1841,27.94429],[88.205991,27.945955001000073],[88.215652,27.96327800100005],[88.236972,27.969464],[88.248376,27.94497],[88.263296,27.955108001000042],[88.283162,27.963361],[88.298685,27.966401],[88.307669,27.967843],[88.319906,27.979645],[88.339832,27.985254001000044],[88.364995,27.989051],[88.378602,27.986962],[88.391004,27.976505],[88.405569,27.980562],[88.416295,27.998584],[88.439142,28.008532],[88.462518,28.016324],[88.474509,28.030509],[88.501326,28.051898],[88.52299,28.038988],[88.549588,28.037274],[88.554134,28.055508],[88.55556300100005,28.08286000100003],[88.583278,28.084152],[88.610844,28.109322001000066],[88.64043973600008,28.115307378000068],[88.65814233000003,28.091562513000042],[88.673655,28.073316],[88.706079,28.077403],[88.72704100100003,28.074111],[88.742706,28.07517],[88.763354,28.071288],[88.773507,28.05843],[88.791998,28.048889001000077],[88.803278,28.031918001000065],[88.819293,28.02197200100005],[88.836759,28.01383],[88.84153390100005,27.98412884000004],[88.83954700400005,27.970324481000034],[88.84097684900007,27.96404817000007],[88.84188177100003,27.96208109300005],[88.84162856400008,27.960341150000033],[88.84143394300008,27.958354781000025],[88.84218141600007,27.955101695000053],[88.84098358200004,27.94918678700003],[88.83880674700004,27.94253202300007],[88.83623311700006,27.92784835200007],[88.85816709600005,27.926763160000064],[88.869666,27.909704001000023],[88.881323,27.891721001000064],[88.879238,27.872468],[88.887196,27.855645001000028],[88.882882,27.834598],[88.86082,27.802421],[88.856469,27.773524001000055],[88.858264,27.754218001000027],[88.861654,27.740205],[88.85656,27.723617001000036],[88.853473,27.71492500100004],[88.840457,27.710927001000073],[88.844883,27.700243],[88.846362,27.691246001000025],[88.847908,27.676499],[88.842016,27.659691001000056],[88.832163,27.647939],[88.821484,27.645129001000043],[88.812466,27.640275],[88.804971,27.62657],[88.809444,27.61571900100006],[88.807184,27.599491001000047],[88.794192,27.589807],[88.791194,27.578719],[88.784038,27.572878],[88.772326,27.571348001000047],[88.766951,27.561952001000066],[88.773641,27.550024],[88.773366,27.540196],[88.782979,27.529426001000047],[88.792748,27.528249],[88.78841200100004,27.52156],[88.785843,27.506788],[88.78421992700004,27.494666710000047],[88.783175,27.483757],[88.78239,27.474733],[88.782504,27.456826],[88.793479,27.447159],[88.794326,27.430249],[88.80489,27.422603],[88.810948,27.40474800100003],[88.824968,27.391332001000023],[88.840769,27.381162],[88.864556,27.37872],[88.87553,27.362258001000043],[88.88176679200006,27.352287028000035],[88.88489065900006,27.350617790000058],[88.88420363300008,27.34407112400004],[88.89221725500005,27.33997296900003],[88.89523401500009,27.333073721000062],[88.90553652900007,27.329382362000047],[88.91323599100008,27.329916275000073],[88.91757377900007,27.330000663000078],[88.92127777000007,27.327340384000024],[88.91963712000006,27.319928041000026],[88.91497404000006,27.312058980000074],[88.90966584000006,27.305173980000063],[88.91472384000008,27.291392011000028],[88.90917912000003,27.279396990000066],[88.90065225000006,27.273879926000063],[88.89511363800005,27.269137921000038],[88.88649756700005,27.26716729800006],[88.80254901200004,27.247393584000065],[88.80131808000004,27.229493970000078],[88.80047388000008,27.213212971000075],[88.79262804000007,27.198516960000063],[88.78669704000004,27.182701981000037],[88.76876292000009,27.18055404000006],[88.75730304000007,27.165255031000072],[88.75853496000008,27.151990021000074],[88.74577408200008,27.14231824700005],[88.76828150200004,27.13858895900006],[88.78821225500008,27.135057867000057],[88.80816810200008,27.13295381000006],[88.81919104900004,27.122684485000036],[88.82580883200006,27.118900358000076],[88.83295860200008,27.11616147600006],[88.84253379700004,27.11385443900008],[88.85045628900008,27.108044109000048],[88.86505228300007,27.109557392000056],[88.87116719300008,27.101389122000057],[88.87426406900005,27.083555208000064],[88.88074106700003,27.06272052500003],[88.87623180700007,27.042833049000023],[88.87664981700004,27.023031366000055],[88.87292253500004,27.006537088000073],[88.87262003100005,26.974980775000063],[88.87464546900009,26.958595569000067],[88.87776703400004,26.944929398000056],[88.88831860900007,26.961562488000027],[88.90343765700004,26.97675487600003],[88.91115289200008,26.98795627800007],[88.93770095000008,26.980402893000075],[88.95140784100005,26.963393187000065],[88.95472627800007,26.954357021000078],[88.95421747000006,26.94862158500007],[88.94779072000006,26.942435871000043],[88.95719810300005,26.927903981000043],[89.01676351900005,26.937800665000054],[89.08319399000004,26.895896548000053],[89.12893093300005,26.81452093400003],[89.26304255500008,26.814878735000036],[89.26607501900008,26.819584556000052],[89.26913383100003,26.822579633000032],[89.27220827300005,26.82613757000007],[89.28173236400005,26.831541859000026],[89.31078736000006,26.84584196800006],[89.31599051600006,26.848576613000034],[89.32121588600006,26.852037370000062],[89.32567019000004,26.845196075000047],[89.38384564700004,26.858571597000036],[89.42188397800004,26.83652255000004],[89.49437408400007,26.803040554000063],[89.50566886400009,26.809961827000052],[89.51182667100005,26.81342238600007],[89.51720623400007,26.812831654000036],[89.52001603700006,26.81323094100003],[89.52258143000006,26.81341483600005],[89.52606437000009,26.812659300000064],[89.52871774100004,26.813311487000078],[89.53129912500003,26.81378568100007],[89.53356248000006,26.814646190000076],[89.53623786300005,26.81338547000007],[89.53944933700006,26.812779010000042],[89.54332426500008,26.811911645000066],[89.54583303500004,26.810216316000037],[89.55162446600008,26.812162495000052],[89.55727206800003,26.81340879100003],[89.56263874400008,26.805825447000075],[89.57297755200005,26.79742460700004],[89.58691496200004,26.79282368400004],[89.60241513100004,26.787521690000062],[89.62057905300009,26.779537210000058],[89.63277062000003,26.78256411900003],[89.64448880300006,26.777394136000055],[89.65268494300005,26.770272076000026],[89.64350163000006,26.748851525000077],[89.63615405400003,26.74645269900003],[89.62671450500005,26.741936347000035],[89.62192144600004,26.736726304000058],[89.61863448700007,26.73047785600005],[89.62794568500004,26.72422205400005],[89.64298170400008,26.722595134000073],[89.65604075600004,26.718094504000078],[89.66524037500005,26.727221722000024],[89.67180650200004,26.739559815000064],[89.68991653300003,26.733436097000038],[89.70438781000007,26.73476466900007],[89.71416396900008,26.730670196000062],[89.72147716600006,26.725591344000065],[89.73577134200008,26.727659218000042],[89.75715999400006,26.731244228000037],[89.76044848800007,26.727036647000034],[89.76053975700006,26.723265170000047],[89.76150849800007,26.717264981000028],[89.76714441600006,26.714411406000067],[89.76931155300008,26.712650847000077],[89.77079086500004,26.710238366000056],[89.77230284200004,26.708820487000025],[89.77113765900003,26.70525126600006],[89.82141576700008,26.709371757000042],[89.86039949500008,26.71263837200007],[89.86311597100007,26.72150921900004],[89.86363271800008,26.73426568900004],[89.97525703700006,26.72587818100004],[90.17656130400007,26.76715480200005],[90.31602718000005,26.857331465000073],[90.34729264900005,26.880682895000064],[90.34749057100004,26.88541390000006],[90.35285751100008,26.89275426000006],[90.35486809200006,26.897804781000048],[90.38836485500008,26.902961353000023],[90.57530059800007,26.806895608000048],[90.77930162700005,26.777309047000074],[90.99226331100004,26.794863625000062],[91.18818836000008,26.81585388600007],[91.38618590600004,26.810692863000043],[91.51635213800006,26.794824680000033],[91.71206562200007,26.812733426000023],[91.89239792300003,26.92055232000007],[92.07545286100003,26.854483051000045],[92.11807304300004,26.909150964000048],[92.11679892000006,26.92840203000003],[92.11828896000009,26.94166002000003],[92.11368996000004,26.95219299100006],[92.11957308000007,26.965964970000073],[92.10510792000008,26.980866],[92.10379788000006,27.00082899100005],[92.09221092000007,27.013212991000046],[92.07869688000005,27.02022696100005],[92.08116288000008,27.032867010000075],[92.073969,27.042912991000037],[92.05693488100007,27.050364001000048],[92.03943888000003,27.059819040000036],[92.03260500100004,27.07610796000006],[92.03193612000007,27.090417960000025],[92.02751712000008,27.102031021000073],[92.02584708000006,27.11626497000003],[92.034198,27.131603040000073],[92.03350392000004,27.144885960000067],[92.02821084000004,27.160712010000054],[92.03399208000008,27.175074030000076],[92.04820812000008,27.183141990000024],[92.05952904000009,27.196126021000055],[92.06213508000008,27.210618990000057],[92.06944704000006,27.221966011000063],[92.06619912000008,27.243309960000033],[92.046069,27.25570098000003],[92.04632496100004,27.267509971000038],[92.05028712000006,27.27047502000005],[92.05634592000007,27.271083960000055],[92.06196084000004,27.272655],[92.06810208000007,27.276966990000062],[92.07210096000006,27.277705980000064],[92.07801216000007,27.275646960000074],[92.08423692000008,27.271693980000066],[92.08940796000007,27.269782021000026],[92.09308392000008,27.26936703000007],[92.09715696000006,27.269478],[92.10694608000006,27.269652961000077],[92.117493,27.27114903100005],[92.12181516000004,27.27416898000007],[92.12443812000004,27.278971021000075],[92.12390208000005,27.283201021000025],[92.12326488000008,27.286295040000027],[92.11993092000006,27.289823040000044],[92.11638492100008,27.292870980000032],[92.11235796000005,27.295372980000025],[92.10579192000006,27.29834703000006],[92.10181104000009,27.301940011000056],[92.09323188000008,27.303999030000057],[92.08807812000003,27.30525498000003],[92.08548288000009,27.30717603000005],[92.08070892000006,27.31108302000007],[92.07327384000007,27.31855401100006],[92.06741916000004,27.324474030000033],[92.06044992000005,27.344675971000072],[92.04878016000004,27.37015101000003],[92.05467192000003,27.390321001000075],[92.04867504000003,27.407786040000076],[92.04162289700008,27.412778390000028],[92.03866277200007,27.416995600000064],[92.03819429500004,27.420136238000055],[92.03913380500006,27.42347716200004],[92.04366411600006,27.42815309300005],[92.03994774700004,27.43720197600004],[92.03214313900008,27.440448238000045],[92.02574079100003,27.44251668000004],[92.02224886000005,27.447002334000047],[92.02211575400008,27.45107229100006],[92.02324217100005,27.45813939900006],[92.02171959000003,27.464210708000053],[92.01922259000008,27.471527103000028],[92.01920850700003,27.47797938100007],[92.01582538100007,27.479869260000044],[92.01298087300006,27.478629729000033],[92.00917245400007,27.477832859000046],[92.00656288800008,27.476166457000033],[92.00066706600006,27.478793663000033],[91.99456416600003,27.478571730000056],[91.99231230700008,27.47572305700004],[91.99065257300003,27.469895876000066],[91.98534522700004,27.46664659100003],[91.97397302800005,27.465932847000033],[91.96940546700006,27.46394645600003],[91.96566075000004,27.463101737000045],[91.96259334900003,27.461255703000063],[91.95563112400004,27.460550211000054],[91.95050424900006,27.460095411000054],[91.94521622200006,27.460684325000045],[91.93638550300005,27.46537126000004],[91.93054207700004,27.465658731000076],[91.92339890800008,27.473985025000047],[91.91716795500008,27.472600362000037],[91.90921640000005,27.47246427600004],[91.90374175500006,27.471094441000048],[91.89970999400003,27.47069514800006],[91.89100570700003,27.473232119000045],[91.88207724900008,27.47444865500006],[91.87677766300004,27.471483041000056],[91.87167830500005,27.470945245000053],[91.86969776800004,27.475290598000072],[91.86617438900004,27.480881839000062],[91.86079937800008,27.484057574000076],[91.85461873900005,27.48223778700003],[91.84951361800006,27.486439172000075],[91.84689354800008,27.48397515100004],[91.84491154400007,27.480831971000043],[91.84100648400005,27.47578801000003],[91.83512344200005,27.472115162000023],[91.83078743800007,27.469797603000075],[91.82663824600007,27.46835598100006],[91.82309523100008,27.469533823000063],[91.81590710200004,27.473055791000036],[91.80521292000003,27.475652214000036],[91.79767843600007,27.47397830700004],[91.78726417500008,27.47008419100007],[91.781344,27.466598791000024],[91.76890345100009,27.46527842200004],[91.76564829000006,27.46735049600005],[91.76101687600004,27.474499679000076],[91.74778190900008,27.47212632700007],[91.72166412600006,27.472022824000078],[91.71763447800004,27.49812014400004],[91.70403408000004,27.500012010000034],[91.69259400100003,27.505323],[91.68112692000005,27.49328397000005],[91.65181321100005,27.48363189400004],[91.64754849500008,27.498075063000044],[91.63959161400004,27.50426710800008],[91.63280481000004,27.510852670000077],[91.62354735700006,27.51262103600004],[91.62173265900003,27.522464051000043],[91.61460098900005,27.531656117000068],[91.61352477100007,27.53959152500005],[91.60265916900005,27.54163906100007],[91.59448174400006,27.542105393000043],[91.58874408000008,27.552448981000055],[91.58358096000006,27.56258604100003],[91.571778,27.576267030000054],[91.56701988000003,27.586974960000077],[91.57496688000003,27.598730040000078],[91.58196204000006,27.610865011000044],[91.56801888000007,27.62264304000007],[91.56326004000005,27.63542097000004],[91.56966084000004,27.64974501000006],[91.58024487200004,27.66241463600005],[91.58882304100007,27.667840777000038],[91.59490128800007,27.670697308000058],[91.59566540900005,27.676893394000047],[91.60088850800008,27.68135270500005],[91.60534606700008,27.686095056000056],[91.60724670100007,27.690247429000067],[91.61125297400008,27.691893132000075],[91.61465296300008,27.692598102000034],[91.61818872100008,27.693244545000027],[91.62047144500008,27.69424428900004],[91.62290625800006,27.695297677000042],[91.62585268600003,27.697162777000074],[91.62855617100007,27.699303452000038],[91.62915943400009,27.704817259000038],[91.62875342700005,27.71157760500006],[91.62910254200006,27.716321606000065],[91.63180459000006,27.717058489000067],[91.63196534200006,27.719991098000037],[91.63432697000007,27.722555827000065],[91.63553285600005,27.72708467500007],[91.63795778800005,27.73246279400007],[91.63857633400005,27.736635790000037],[91.63579056100008,27.747064583000054],[91.64191664400005,27.75325851100007],[91.64299604700005,27.761111],[91.84766436100006,27.761110694000024],[91.85058051600004,27.75944576200004],[91.85430888200005,27.753948523000076],[91.85539705600007,27.750245106000023],[91.85902633300003,27.74477267800006],[91.86185538600006,27.738243272000034],[91.86168743300004,27.73520184100005],[91.86992611700003,27.731133976000024],[91.87141061100004,27.72353914300004],[91.87733521100006,27.721486088000063],[91.88556433900004,27.721401451000077],[91.89775963100004,27.726310788000035],[91.90278007500007,27.729030599000055],[91.91036193400004,27.726018906000036],[91.91462629500006,27.721653900000035],[91.92233859700008,27.717599791000055],[91.92874614400006,27.72083115600003],[91.93324670500004,27.72197556200007],[91.93762341300004,27.72595437800004],[91.94297065700005,27.727253782000048],[91.94468684700007,27.728632737000055],[91.94849862600006,27.731586721000042],[91.95218116500007,27.734571136000056],[91.95843481800006,27.736746336000067],[91.96485338600007,27.741723722000074],[91.96713983200004,27.748843796000074],[91.97003532100007,27.753146127000036],[91.97436393700008,27.755552057000045],[91.97606567800005,27.759564918000024],[91.97725616300005,27.764168616000063],[91.98235549500004,27.777150301000063],[91.99411846400005,27.781498275000047],[92.00011927700007,27.780477338000026],[92.00421869800005,27.782190782000043],[92.00987612700004,27.780754623000064],[92.01301766900008,27.780217334000042],[92.01646186300007,27.77748000100007],[92.01819858800008,27.77684524400007],[92.02064645300004,27.777387315000055],[92.02488685700007,27.777735454000037],[92.02685361800008,27.777021710000042],[92.03193352000005,27.778660917000025],[92.03652025500008,27.775546830000053],[92.04048365500006,27.776777996000078],[92.04400773600008,27.78006678500003],[92.05086993800006,27.780033589000027],[92.05830158800006,27.781512081000074],[92.06658244300007,27.788839754000037],[92.07394294500006,27.791550802000074],[92.09639274600005,27.797776230000068],[92.11923459000008,27.811053800000025],[92.12561805000007,27.81514564500003],[92.13073368300007,27.822435109000025],[92.13248468800003,27.826461766000023],[92.13812542800008,27.83127181800006],[92.14222931700004,27.834352392000028],[92.14589479100005,27.833778176000067],[92.15195488800003,27.831741522000073],[92.16220944000008,27.831809435000025],[92.16992380000005,27.838504948000036],[92.17958327700006,27.84664529300005],[92.19063655000008,27.851881441000046],[92.21307352200006,27.872720771000047],[92.23234200800005,27.88023533200004],[92.24817694500007,27.885366188000035],[92.25585820800006,27.880108622000023],[92.26482125400008,27.88644676800004],[92.27083021800007,27.884829332000038],[92.27421127800005,27.883946039000023],[92.27937841300007,27.880062673000054],[92.28327739300005,27.878014603000054],[92.28735739500007,27.87506875200006],[92.28849953100007,27.87444646700004],[92.29137222100007,27.872942729000044],[92.297394,27.833469],[92.397518,27.820372],[92.470745,27.81628900100003],[92.576079,27.88163],[92.676766,27.949083],[92.736063,28.04075],[92.671912,28.138025],[92.73120607000004,28.159484073000044],[92.74494007800007,28.160615995000057],[92.76359653800006,28.16144788500003],[92.77181967000007,28.166492264000055],[92.77341951700004,28.172367653000038],[92.77336030300006,28.181467229000077],[92.878086,28.198330001000045],[92.958056,28.263704],[93.075432,28.323572],[93.14849784600005,28.370697136000047],[93.14910356800004,28.381942259000027],[93.15588091200004,28.394168167000032],[93.16959406400008,28.428595577000067],[93.17177314400004,28.459524974000033],[93.18955372600004,28.483628476000035],[93.19130091000005,28.48938984600005],[93.19194046000007,28.49356543400006],[93.19498598100006,28.49367503700006],[93.20147652900005,28.494487925000044],[93.20470605700007,28.499537949000057],[93.32657387600005,28.583419923000065],[93.42710303900003,28.66185820900006],[93.44621487100005,28.66693618200003],[93.46539901300008,28.67156865100003],[93.49905175800006,28.669397866000054],[93.52977249000008,28.67362702400004],[93.56295099900007,28.67572283900006],[93.58928922100006,28.678437707000057],[93.61882278900003,28.684419795000053],[93.689956,28.676555],[93.79142,28.737307],[93.917453,28.752454],[94.014229,28.79407],[94.099,28.883969001000025],[94.224897,28.929451],[94.34280434200008,29.00268137100005],[94.313345,29.06618700100006],[94.29370100100004,29.14766700100006],[94.38464948300003,29.159542888000033],[94.47089786900005,29.21119615500004],[94.566156,29.23955],[94.623348,29.292677],[94.705142,29.306394001000058],[94.749777,29.235341],[94.81993571400005,29.17105453100004],[94.897545,29.174957],[94.975276,29.154127],[95.01103451300008,29.152442420000057],[95.00497851200004,29.16735076300006],[95.116881,29.11609],[95.178966,29.10436],[95.260721,29.07106500100008],[95.31463100100007,29.13718],[95.420556,29.170355],[95.480509,29.14109],[95.531339,29.193460001000062],[95.57170626800007,29.18137353900005],[95.58180442200006,29.183050071000025],[95.597691,29.202702001000034],[95.698284,29.224740001000043],[95.748285,29.284338001000037],[95.842486,29.342692],[95.926373,29.343746],[96.05758400100007,29.380935],[96.14509348100006,29.333581567000067],[96.15127010200007,29.29863787900007],[96.17136944700007,29.29381292800008],[96.17982956000009,29.281605570000067],[96.20056007700003,29.26468976700005],[96.22282076900007,29.261280357000032],[96.23836957400005,29.25101858800008],[96.26535525800006,29.244881170000042],[96.26159067800006,29.231676123000057],[96.26538453100005,29.221703691000073],[96.28219867700005,29.209797999000045],[96.29635226900007,29.197013613000024],[96.30481546400006,29.182170692000057],[96.29784623600005,29.150298812000074],[96.25901990400007,29.11741693600004],[96.20861354000004,29.10817668100003],[96.20782918600008,29.083281379000027],[96.19121383100008,29.04900150800006],[96.20949287500008,29.040839280000057],[96.23421495000008,29.064357920000077],[96.24207821900006,29.081967450000036],[96.25652929900008,29.08296461900005],[96.27351925200009,29.097742725000046],[96.28895766800008,29.098597684000026],[96.30211095600004,29.104159854000045],[96.32416621500005,29.116024862000074],[96.33228406400008,29.105975261000026],[96.33607513100009,29.10406585000004],[96.34190677300006,29.096563625000044],[96.35033712100005,29.082230122000055],[96.35752758500007,29.08178349600007],[96.36573377700006,29.08002864200006],[96.36757310200005,29.073056575000066],[96.36517723900005,29.06650003200008],[96.36465697900007,29.063313597000047],[96.36362032400007,29.055258277000064],[96.36246869400009,29.049312195000027],[96.36252358600007,29.044269607000047],[96.36829629200008,29.039753951000023],[96.37412614600004,29.036026479000043],[96.37824291700008,29.03369397000006],[96.38154323300006,29.03300611800006],[96.38720671600004,29.033210260000033],[96.39148021200003,29.033130812000024],[96.39547983600005,29.031315275000054],[96.40401379000008,29.027695143000074],[96.41022077200006,29.025008076000063],[96.41714269600004,29.020727531000034],[96.41955117200007,29.017956669000057],[96.42139778400008,29.016430895000042],[96.42515442200005,29.013712423000072],[96.43129055100007,29.010964284000067],[96.43387008300004,29.008238867000046],[96.43694038900009,29.00380080700006],[96.44064292500008,28.998760898000057],[96.44411546400005,28.994493070000033],[96.44339108400004,28.989441630000044],[96.43886755700004,28.98768846100006],[96.43841718500005,28.982093017000068],[96.43701051100004,28.978297729000076],[96.43593600200006,28.971796079000057],[96.43772761700006,28.966986990000066],[96.43911888800005,28.961573507000026],[96.44342902800008,28.956168813000033],[96.44449295400005,28.95220978100008],[96.44487317800008,28.949822823000034],[96.44725800700007,28.948625100000072],[96.44693365600006,28.94552598200005],[96.44760464700005,28.941818581000064],[96.45103228800008,28.939076253000053],[96.45322795700008,28.93743844000005],[96.45766812300008,28.937036200000023],[96.46099055900004,28.935488711000062],[96.46325069300008,28.93407163100005],[96.46531459100004,28.93313516300003],[96.46856182200008,28.935177759000055],[96.47360946000003,28.938232508000056],[96.47872031200006,28.940132894000044],[96.48042879700006,28.941167316000076],[96.48340771200009,28.94106879800006],[96.49231300500009,28.941759578000074],[96.49726812400007,28.94513079500007],[96.50230315700009,28.948094741000034],[96.50994914600005,28.946423267000057],[96.51465704000003,28.94366173800006],[96.51827548000006,28.93983594900004],[96.52261487500004,28.93682894500006],[96.52520097300004,28.932333649000043],[96.52584613800008,28.923177461000023],[96.52851482500006,28.916764020000073],[96.52454844100004,28.913282311000046],[96.51971488800007,28.911131468000065],[96.51697693100004,28.908216837000055],[96.51759494100008,28.903571860000056],[96.51829975100009,28.899739688000068],[96.51895801800003,28.893965141000024],[96.51965531400003,28.889977505000047],[96.52112534800006,28.887016206000055],[96.52460895900003,28.884306309000067],[96.52583690900008,28.87961186600006],[96.52397509400004,28.875574869000047],[96.52246074000004,28.87235652800007],[96.52184747500007,28.866799393000065],[96.52312864200007,28.863174840000056],[96.52562399300007,28.862345348000076],[96.53087034000004,28.85972116100004],[96.53361337000007,28.854007101000036],[96.53637782700008,28.85117185300004],[96.54200266700008,28.848764171000028],[96.54715381200003,28.849320470000066],[96.54966206900008,28.84963304000007],[96.55149368900004,28.84695634800005],[96.55312821300004,28.84204966200008],[96.55563912700006,28.837426313000037],[96.56015857400007,28.832714616000032],[96.56379104900003,28.82969987900003],[96.56679987100006,28.826594396000075],[96.56976819100004,28.823888133000025],[96.57434566200004,28.82206730400003],[96.57876996400006,28.819785136000064],[96.58197249900007,28.81952627800007],[96.58472720600008,28.819929374000026],[96.58673880900005,28.81985535000007],[96.58842218400008,28.819849396000052],[96.58942896900004,28.818755641000052],[96.58802812200008,28.816084597000042],[96.57984635500009,28.808641144000035],[96.57738903900008,28.801685304000046],[96.57712156600007,28.798293469000043],[96.57606345500005,28.795333448000065],[96.57254489000007,28.790888864000067],[96.57340147200006,28.78490354400003],[96.57611713500006,28.78196473500003],[96.58241999400008,28.779566507000027],[96.58953582800007,28.781525833000046],[96.59629250500006,28.78145120100004],[96.60137102300007,28.781231869000067],[96.60306962300007,28.776428150000072],[96.60398635500007,28.76553776800006],[96.60857456200006,28.753184831000056],[96.61155629900009,28.748581974000047],[96.61353433000005,28.743737558000078],[96.61653475400004,28.73987694300007],[96.62033829900008,28.737771301000066],[96.62375523400004,28.735655403000067],[96.62599861700005,28.734668104000036],[96.62730208000005,28.73504345200007],[96.62922591900008,28.734649210000043],[96.63158957600007,28.732964258000038],[96.63154351600008,28.720739781000077],[96.63052432100005,28.712403976000076],[96.62881230200009,28.71012677500005],[96.62904295400006,28.70412886500003],[96.63110920300005,28.70014155700005],[96.63602803000003,28.698588890000053],[96.63992258100006,28.696335499000043],[96.64362270500004,28.693196731000057],[96.64638878100004,28.690916349000076],[96.64498642000007,28.68740567900005],[96.64385850200006,28.683416855000075],[96.64132126600003,28.680445921000057],[96.63878879700007,28.679193465000026],[96.63522375000008,28.67926656900005],[96.63213312300007,28.679767879000053],[96.62808684300006,28.67602985900004],[96.61915115200009,28.675040205000073],[96.61479450800005,28.675204441000062],[96.61187495900003,28.674849977000065],[96.60881974700004,28.675023199000066],[96.60382771100006,28.673374902000035],[96.59928578900008,28.676901754000028],[96.59697842000008,28.679072761000043],[96.59313914400008,28.682392178000043],[96.58833886600007,28.682601126000066],[96.58088953700008,28.682705530000078],[96.57668582700006,28.683521205000034],[96.57398038000008,28.691191617000072],[96.56763682800005,28.69516992100006],[96.56392921700007,28.697464935000028],[96.56114833000004,28.69545548900004],[96.55834181100005,28.689773390000028],[96.55666565600006,28.686813332000042],[96.55469111500008,28.685935518000065],[96.55324209800006,28.686006529000053],[96.55106617600006,28.686004613000023],[96.54797169200003,28.686876598000026],[96.54566133900005,28.687373253000032],[96.54341581700004,28.684393213000078],[96.53787636500005,28.67873078300005],[96.53854747500009,28.675500853000074],[96.54095689800005,28.672169944000075],[96.54260282000007,28.669680695000068],[96.54428396400004,28.668518951000067],[96.54445434700006,28.66594635200005],[96.54504848400006,28.661702819000027],[96.54219580300008,28.661049827000056],[96.54248161200007,28.656073699000046],[96.54293997400003,28.653010019000078],[96.54345789800004,28.65104644400003],[96.54132875600004,28.650552024000035],[96.53845744700004,28.65042453600006],[96.53593388500008,28.64985170700004],[96.53467517800004,28.650138454000057],[96.53264912400005,28.64836164700006],[96.52831363900003,28.645632888000023],[96.52559992000005,28.641893810000056],[96.52715080900003,28.639436355000043],[96.52779445400006,28.63762719600004],[96.52752519500007,28.63456872100005],[96.52642580600008,28.629911125000035],[96.52648527900004,28.625051076000034],[96.52807024600008,28.62265030900005],[96.52697044600006,28.618499975000077],[96.52156970600004,28.61663363400004],[96.51882282800005,28.616593642000055],[96.51446470400003,28.614379480000025],[96.51182880100004,28.612297152000053],[96.51084637800005,28.610890634000043],[96.51093982300006,28.607657820000043],[96.51240310900005,28.605741155000032],[96.51275878200005,28.604558585000063],[96.51252205200007,28.602853942000024],[96.51406440800008,28.60134081800004],[96.51635625100005,28.597596246000023],[96.51769683200007,28.592933354000024],[96.51544143500007,28.584959363000053],[96.51273763400008,28.58240477100003],[96.50971283400008,28.58213989500007],[96.50745974900008,28.581434066000043],[96.50567856100008,28.581273114000055],[96.50315375300005,28.582254616000057],[96.50100539900006,28.58313251900006],[96.49908488400007,28.584156920000055],[96.49802634400004,28.584351318000074],[96.49636832600004,28.58470225600007],[96.49472001900006,28.584874674000048],[96.49283715100006,28.58426412700004],[96.49143145600004,28.58426657900003],[96.48999890600004,28.584169315000054],[96.48781770700003,28.582371796000075],[96.48665157500005,28.579560956000023],[96.48402958300005,28.576328270000033],[96.47782084400006,28.574032482000064],[96.47534873900008,28.572556847000044],[96.47759961200006,28.56747652100006],[96.47212030900005,28.549826577000033],[96.46437658200006,28.54292526900008],[96.45735247100004,28.52303852700004],[96.42929369200004,28.519199625000056],[96.41039459500007,28.524142023000024],[96.40952924100009,28.510129792000043],[96.42842842700009,28.511447555000075],[96.46058535000009,28.49213445500004],[96.47612452600004,28.489354580000054],[96.48542432800008,28.47264593500006],[96.49018831400008,28.454183552000075],[96.49610557900007,28.430393192000054],[96.51144450500004,28.447848984000075],[96.50490676400005,28.47517963000007],[96.49777598000009,28.49378367500003],[96.50664708000005,28.50606712000007],[96.50184725200006,28.52389207300007],[96.49384484900008,28.542374452000047],[96.51041680500003,28.55094152600003],[96.51711712900004,28.55556216900004],[96.52584528500006,28.557785263000028],[96.53352185300008,28.560165676000054],[96.54073741400003,28.561046351000073],[96.54788981500008,28.56148784100003],[96.55371020600006,28.57107751600006],[96.57144844600003,28.58502435200006],[96.58248270400009,28.593483981000077],[96.60011331000004,28.60527684500005],[96.61250231300005,28.618893392000075],[96.63095342100007,28.622074806000057],[96.63523585100006,28.622379607000028],[96.64034936900003,28.61925470700004],[96.64423026900005,28.618915695000055],[96.64759778100006,28.618743178000045],[96.65050338100008,28.614625698000054],[96.65301183900004,28.61277903000007],[96.65760973400006,28.60996298200007],[96.66147768700006,28.60670734300004],[96.66396098500007,28.60201338400003],[96.66728225400004,28.599993381000047],[96.67128151900005,28.59806201500004],[96.67558200300005,28.595595546000027],[96.67991682100006,28.593388869000023],[96.68694619100006,28.589768968000044],[96.69672828000006,28.59433243500007],[96.70658246200009,28.603309895000052],[96.71082730900008,28.61086423300003],[96.71722589400008,28.607438012000046],[96.71822369500006,28.60033312400003],[96.71757142600006,28.59179872800007],[96.72066290900005,28.584399134000023],[96.72235626900004,28.57894912100005],[96.72487965300007,28.57761250300007],[96.72894832700007,28.57700089000008],[96.73420877100006,28.574986129000024],[96.74111639100005,28.57245438700005],[96.74923773300009,28.568617181000036],[96.75384641800008,28.559490959000073],[96.75978984600005,28.554774527000063],[96.76170473000008,28.553488695000055],[96.76067994000005,28.55014730000005],[96.75561713400003,28.544940247000056],[96.75127915600007,28.54105629000003],[96.75257020700008,28.533892841000068],[96.75543161100006,28.52726230500008],[96.75798296400006,28.52419456900003],[96.75999103700008,28.51961643900006],[96.76305118100004,28.51728190600005],[96.76711603000007,28.516433101000075],[96.77101589800009,28.51470071400007],[96.77872552800005,28.512769001000038],[96.79131031200006,28.508154516000047],[96.81377833900007,28.503096698000036],[96.82888985600005,28.497164722000036],[96.85425693900004,28.484664597000062],[96.86147452900008,28.467804968000053],[96.86294895900005,28.452074409000033],[96.87373705900006,28.44025957100007],[96.88761011700007,28.425897544000065],[96.89192530900004,28.412813060000076],[96.88345576700004,28.40193798100006],[96.88822149200007,28.387156893000054],[96.89899888900004,28.381346456000074],[96.90855276500008,28.375731374000054],[96.91161303800004,28.370126258000028],[96.91997009700003,28.365432310000074],[96.92146384200004,28.359044261000065],[96.92742716800007,28.352018232000034],[96.94096576000004,28.34809470400006],[96.94891286100005,28.347534948000032],[96.95605722200008,28.34554016800007],[96.97213950400004,28.33231405600003],[96.98663783900008,28.328750341000045],[97.00542088700007,28.327031771000065],[97.03547436300005,28.338048882000066],[97.05072405400006,28.353333115000055],[97.06948585100008,28.364309603000038],[97.08979651500005,28.36851530200005],[97.09835790200003,28.364906489000077],[97.11128534200009,28.364516905000073],[97.12375868000004,28.36176957300006],[97.12644417900003,28.36188363100007],[97.13695296200007,28.35159815700007],[97.14893114000006,28.346820838000042],[97.15324977000006,28.339614742000037],[97.16210760600006,28.33254202200004],[97.17369170200004,28.333751177000067],[97.18002679400007,28.331981461000055],[97.19187204300005,28.317548139000053],[97.19871909800008,28.31172378900004],[97.20152239900005,28.307607893000068],[97.20228112300003,28.30545444100005],[97.20474743800008,28.303620099000057],[97.20688700800008,28.302350536000063],[97.20838837400004,28.302367077000042],[97.21068126900008,28.304162958000063],[97.21437464200005,28.305166847000066],[97.21882405400004,28.301790380000057],[97.22277478600006,28.30065088500004],[97.22609800100008,28.300179075000074],[97.22745122500004,28.298735279000027],[97.22978527600009,28.298493781000047],[97.23138400600004,28.29575593800007],[97.23346086500004,28.294920885000067],[97.23556062100005,28.295530898000038],[97.23713898900007,28.294257854000023],[97.23710680700003,28.291327314000057],[97.23724741700005,28.290410413000075],[97.23542776500005,28.287814173000072],[97.23527909300003,28.28598241800006],[97.23715888800007,28.281239189000075],[97.23730382200006,28.277454555000077],[97.24004189400006,28.27445499600003],[97.24246604300004,28.271470905000058],[97.24266382200005,28.26733587800004],[97.24389858200004,28.264541111000028],[97.24641080500004,28.264582141000062],[97.24832069400009,28.264413311000055],[97.25016919200004,28.26316095900006],[97.25287068700004,28.263198464000027],[97.25437214800007,28.263476712000056],[97.25575428200005,28.263856021000038],[97.25726785900008,28.26405065800003],[97.25799708100004,28.264316330000042],[97.25903408600004,28.264745211000047],[97.26242854900005,28.264418609000074],[97.26441024500008,28.264012424000043],[97.26573599200003,28.261124675000076],[97.26841507100005,28.257482735000053],[97.26791996800006,28.255037834000063],[97.26826145700005,28.25186608300004],[97.26841714300008,28.250440319000063],[97.26876289700004,28.249640001000046],[97.26915534400007,28.247807597000076],[97.26988433700006,28.24548833500006],[97.27125082000003,28.24467589300008],[97.27421830900005,28.24351838900003],[97.27697123000007,28.243726302000027],[97.28002318200004,28.245647534000057],[97.28221798900006,28.242919882000024],[97.28116763900005,28.23798041300006],[97.28474909200008,28.231532204000075],[97.28994753000006,28.232025106000037],[97.29497674400005,28.233538373000044],[97.29785675900007,28.23158516700005],[97.30067429400003,28.229052840000065],[97.30384369300003,28.227848712000025],[97.30725333700008,28.226659538000035],[97.30943919100008,28.224878396000065],[97.31274527800008,28.223099958000034],[97.31665204800004,28.22138609500007],[97.32303673000007,28.219781951000073],[97.32785193400008,28.215033446000064],[97.33250848700004,28.213912191000077],[97.33677882000006,28.214801324000064],[97.33963252500007,28.21455512800003],[97.34223817200007,28.214315112000065],[97.34548056100004,28.21545671000007],[97.36022522000007,28.195385049000038],[97.33745103400008,28.147968302000038],[97.32965288500009,28.110049452000055],[97.31893387100007,28.05831720100008],[97.38912029700003,28.019400564000023],[97.36896166600008,27.92229678800004],[97.30828737600007,27.904268985000044],[97.23459779300003,27.88427234100004],[97.19831115200009,27.85173910800006],[97.17209894800004,27.830178309000075],[97.15584227600004,27.80914978100003],[97.12519786200005,27.791205238000032],[97.10316410300004,27.772179762000064],[97.08924883800006,27.737481869000078],[97.06871469700008,27.74310704900006],[97.03655447200003,27.74911981400004],[97.01889955000007,27.73825451400006],[97.00842303700006,27.710270970000067],[96.98785122400005,27.68752265300003],[96.96885683300007,27.66484360900006],[96.93395949200004,27.656661060000033],[96.91327986200008,27.629138522000062],[96.89262665700005,27.613269712000033],[96.90035124400003,27.580032525000036],[96.90752952600008,27.55139668100003],[96.92764109600006,27.513205382000024],[96.91551794600008,27.493531931000064],[96.90437821500007,27.465599905000033],[96.92387183800008,27.43929052900006],[96.93653168500003,27.414210668000067],[96.96024695200003,27.397323638000046],[96.96988034100008,27.36677718100003],[96.99257220700008,27.33700937900005],[97.01259945000004,27.312351568000054],[97.02876261200004,27.30164164000007],[97.05082865400004,27.27644896700008],[97.06993736200008,27.25528534500006],[97.09177782500007,27.223190130000035],[97.11769173900007,27.192779280000025],[97.14040040100008,27.163951447000045],[97.15879345500008,27.146868247000043],[97.14779510900007,27.113370743000075],[97.12686461100009,27.095750148000036],[97.09476863900005,27.10401016800006],[97.07312630200005,27.093090835000055],[97.05264175000008,27.105780778000053],[97.03498071800004,27.123169587000064],[97.01558452300009,27.136195101000055],[96.98483707100007,27.153800415000035],[96.95498206300005,27.163480960000072],[96.92613477000003,27.164007173000073],[96.88704204300006,27.17580226900003],[96.85637820400007,27.194845109000028],[96.87278164300005,27.21989652600007],[96.88462309300007,27.23643822500003],[96.88418164300003,27.256809470000064],[96.85587745400005,27.264709984000035],[96.84751930100003,27.287826582000037],[96.82215907600005,27.309132456000043],[96.80043532300004,27.341306789000043],[96.77097288900006,27.355129990000023],[96.74769272700007,27.35567807500007],[96.72909518800009,27.35981892500007],[96.70755004500006,27.370635225000058],[96.69523499000007,27.358269074000077],[96.67067915900009,27.360599317000037],[96.64542811400008,27.35950777100004],[96.61919173800004,27.366480488000036],[96.59937411200008,27.355853552000042],[96.59365602200006,27.34383985100004],[96.58125990500008,27.331360069000027],[96.56514222100009,27.318961005000062],[96.55110582600008,27.313596197000038],[96.53594260600005,27.299235370000076],[96.52425278000004,27.28769527700007],[96.51200221700003,27.292309747000047],[96.49390678300006,27.301469074000067],[96.47787300600004,27.299464559000057],[96.45037459500008,27.301621363000038],[96.43051325500005,27.30239793000004],[96.40458258400008,27.28976229400007],[96.38680664300006,27.28495036000004],[96.36715835200005,27.28719831500007],[96.34591409300003,27.285393760000034],[96.32221893600007,27.290363006000064],[96.29450699800003,27.291350605000048],[96.27144964700005,27.271395006000034],[96.24588069600009,27.274987520000025],[96.21113009900006,27.265217868000036],[96.19178162400004,27.258993882000027],[96.15950007000004,27.247641979000036],[96.13306570300006,27.23867865400007],[96.08991019900009,27.223237065000035],[96.06147223000005,27.202648417000034],[96.03172965200008,27.186029723000047],[96.01689968000005,27.159686848000035],[96.00568663500007,27.13908528500008],[95.98729391000006,27.118972791000033],[95.96714896700007,27.095458355000062],[95.95316408100007,27.06746359600004],[95.93736106900008,27.047900033000076],[95.90505695700006,27.038601132000053],[95.88221775600005,27.024112692000074],[95.85930941100008,27.01236119200007],[95.82395270300003,27.009753889000024],[95.80153951900007,27.009668834000024],[95.78209772600007,26.981390325000064],[95.76406446000004,26.967437723000046],[95.75898217000008,26.94351232400004],[95.74852624000005,26.92656958300006],[95.75005325400008,26.908052903000055],[95.73947535900004,26.89415420800003],[95.71585576900009,26.878963681000073],[95.69239546500006,26.892060795000077],[95.66007692400007,26.895145823000064],[95.63655906400004,26.875779132000048],[95.62658203400008,26.84684492100007],[95.60964329600006,26.81679246300007],[95.58030359200006,26.816345729000034],[95.55306232800007,26.831549280000047],[95.53135169200004,26.82717457900003],[95.50727345300004,26.80499379400004],[95.49195317000004,26.772954941000023],[95.48086940900004,26.745756175000054],[95.44156191100006,26.72165628500005],[95.42588498500004,26.697769325000024],[95.39735488400004,26.68699908800005],[95.36660119300006,26.675252623000063],[95.33408432700008,26.67159155300004],[95.31435644900006,26.663164032000054],[95.28505083700009,26.655509142000028],[95.26044263000006,26.65527789600003],[95.24001369900009,26.682166669000026],[95.22047232700004,26.663493138000035],[95.19927779600005,26.643719376000035],[95.17375850800005,26.637897354000074],[95.15535343000005,26.617585158000054],[95.14785837300008,26.597214534000045],[95.14759228600008,26.578255495000064],[95.13268306100008,26.556595748000063],[95.11233924500004,26.54591279300007],[95.11509583400004,26.525951321000036],[95.09978259900004,26.504287685000065],[95.08323597200007,26.484332304000077],[95.07181960100007,26.465671959000076],[95.06443416300004,26.44251401300005],[95.08564515500007,26.442498683000053],[95.09860572200006,26.426695179000035],[95.09645909300008,26.400740062000068],[95.12176522600004,26.38697012700004],[95.13031745400008,26.370036785000025],[95.12108987100004,26.34958147800006],[95.12283340900007,26.324719818000062],[95.12247201900004,26.306401924000056],[95.12490303600003,26.276539054000068],[95.12723099300007,26.253723496000077],[95.11874410800004,26.22633569100003],[95.13226775500004,26.201265997000064],[95.12305425200003,26.172077138000077],[95.12355724500009,26.145267429000057],[95.12247725500004,26.124919435000038],[95.11807813300004,26.10057554800005],[95.15056784900008,26.08661601600005],[95.17076950400008,26.088649039000074],[95.18357092100007,26.068847135000055],[95.16290913000006,26.04504888100007],[95.14482966200006,26.014065153000047],[95.12668453700007,25.989749327000027],[95.10567560100009,25.970868322000058],[95.07313174000006,25.94178669400003],[95.04049042400004,25.927105373000074],[95.02486945800007,25.911287204000075],[95.01892010500006,25.882693595000035],[95.02029750400004,25.851151970000046],[95.03462482300006,25.813209236000034],[95.04395560000006,25.77369909600003],[95.03646463500007,25.739672359000053],[94.99529193200004,25.72153565900004],[94.98900909300005,25.707207004000054],[94.97228904600007,25.692654253000057],[94.95507006800005,25.679798036000022],[94.94106742300005,25.670033059000048],[94.93354295000006,25.659929873000067],[94.92256525100004,25.645373637000034],[94.91962324600007,25.63044503900005],[94.91547261800008,25.61183277400005],[94.90467362600003,25.600587288000042],[94.89349263100007,25.597629921000078],[94.88133770000007,25.58788198900004],[94.89178635600007,25.575860995000028],[94.89134342700004,25.566171389000033],[94.87962869600005,25.562737838000032],[94.86126356200003,25.56434008900004],[94.84764383500004,25.562360741000077],[94.83002262100007,25.54403166900005],[94.82317077400006,25.531234245000064],[94.81427549500006,25.51450721300006],[94.79231378600008,25.49014555800005],[94.76196405800005,25.482074229000034],[94.74459659800004,25.48228761300004],[94.72718846700008,25.47581896400004],[94.71691596100004,25.470374899000035],[94.69776232500004,25.46763196200004],[94.68205090900005,25.459624004000034],[94.67572031200007,25.445981295000024],[94.67231215300006,25.433623745000034],[94.67042032600006,25.418725447000043],[94.66082031600007,25.407038579000073],[94.65321123200005,25.40535784900004],[94.63980957200005,25.397346671000037],[94.63280734200004,25.38369947800004],[94.63351935300005,25.369851720000042],[94.63461796500007,25.357085785000038],[94.62719014900006,25.34823211500003],[94.61867332600008,25.329789436000056],[94.61196936100004,25.32085062500005],[94.60612688900005,25.306777244000045],[94.59996671000005,25.296141791000025],[94.58997621500004,25.276410817000055],[94.58930634600006,25.256516159000057],[94.58577782000003,25.22910313700004],[94.58445053100007,25.20775758900004],[94.60807170600003,25.181202390000067],[94.64116069900007,25.16600670500003],[94.68151257000005,25.149349510000036],[94.70238183500004,25.14551947800004],[94.73742714700006,25.13180161400004],[94.73993652500008,25.10590449500006],[94.73790197600005,25.066028010000025],[94.74321945700007,25.038338214000078],[94.72735063700009,25.00942630000003],[94.70517920400005,24.98485917900007],[94.70201726400006,24.952983886000027],[94.70207447500007,24.927389408000067],[94.68400092100006,24.888226625000073],[94.65414356000008,24.868267651000053],[94.63514700800005,24.841365411000027],[94.63229553800005,24.824171359000047],[94.62273003700005,24.79261623800005],[94.62671628900006,24.76584411500005],[94.62451279000004,24.752170319000072],[94.61274301400005,24.739769868000053],[94.60677976400007,24.723129108000023],[94.59096180300008,24.709510004000037],[94.57855187000007,24.715921249000075],[94.57940424600008,24.72240580500005],[94.52133520600006,24.61438389600005],[94.46807854800005,24.57296410400005],[94.45735304000004,24.572940680000045],[94.32191793200008,24.27721962000004],[94.29652843600007,24.236703999000042],[94.23940621400004,24.05235458100003],[94.23523389600007,24.052187550000042],[94.23288089400006,24.054523122000035],[94.22958053500008,24.059252380000032],[94.18731797900006,23.931853932000024],[94.18542405200009,23.92939752700005],[94.18157126200003,23.928339089000076],[94.17524288800007,23.925988879000045],[94.16578507400004,23.892913452000073],[94.15355367900008,23.847250448000068],[94.15168917000005,23.849919443000033],[94.14185038300008,23.842224128000055],[94.13850684900007,23.83526471700003],[94.13025760000005,23.834244703000024],[94.12516467300009,23.83484537700008],[94.12033857600005,23.83644368100005],[94.11773367800004,23.84209635800005],[94.11351799000005,23.844207477000054],[94.11154299500004,23.850179765000064],[94.11159190700005,23.85316808400006],[94.11214250100005,23.85834634500003],[94.10827705400004,23.86412179900003],[94.10664164700006,23.86846815000007],[94.10286648400006,23.872101310000062],[94.10226177300007,23.87680497300005],[94.09935494100006,23.880886816000043],[94.10028760800003,23.88443361900005],[94.09825072400008,23.886376295000048],[94.09347726400006,23.887620509000044],[94.08844901400005,23.888076029000047],[94.08338044100003,23.883398261000025],[94.07815028100003,23.88386941600004],[94.07233339400005,23.884945878000053],[94.06859854600003,23.888944569000046],[94.06549584400005,23.890081370000075],[94.05780415400005,23.886931461000074],[94.05183297900004,23.88724527900007],[94.04931697700005,23.891925970000045],[94.04600979100007,23.89642404500006],[94.04155433700004,23.900414072000046],[94.04083497400006,23.903885605000028],[94.03806505800009,23.912564659000054],[94.02818762200008,23.915042587000073],[94.02443449300006,23.919110764000038],[94.01989027800005,23.924862948000055],[94.00930863500008,23.924726381000028],[93.996469,23.92227796700007],[93.97896199500008,23.928033366000022],[93.96143633000008,23.92814622900005],[93.94677010000004,23.94352212700005],[93.92829185800008,23.949425745000042],[93.90281095700004,23.949900127000035],[93.88520606400004,23.944504908000056],[93.85737320100009,23.93212965200007],[93.83364480100005,23.928176137000037],[93.81674695100008,23.925273798000035],[93.80048675900008,23.938366572000064],[93.79208063200008,23.95261229500005],[93.77889960000005,23.96474412500004],[93.77378740800003,23.970931388000054],[93.76878640400008,23.982233613000062],[93.76273950300003,23.99235933700004],[93.75918583600009,24.001791861000072],[93.75473996700003,24.005104196000048],[93.74761223500008,24.003099020000036],[93.74089983300007,23.99719698900003],[93.73514877200006,23.999680257000023],[93.71687224400006,24.000660509000056],[93.68677847200007,24.007870659000048],[93.66380025300003,24.001908765000053],[93.65057306700004,24.009164748000046],[93.61876305200008,24.00836338700003],[93.61286848700007,23.995076479000033],[93.61305749300004,23.991726707000055],[93.60806117300007,23.980027662000055],[93.60811803600006,23.97347261500005],[93.60185503300005,23.97264727700008],[93.59854687600006,23.969567340000026],[93.59646906500006,23.96571498800006],[93.59263073600005,23.96240950600003],[93.59039352300005,23.960474781000073],[93.58147969400005,23.962397228000043],[93.57532212200005,23.96680614400003],[93.57372715100007,23.96928744400003],[93.57057022800007,23.970524088000047],[93.57106121800007,23.976818113000036],[93.56754459300004,23.979149007000046],[93.56348623900004,23.979137052000056],[93.55887414300008,23.981672942000046],[93.55579736000004,23.977685402000077],[93.55534697100006,23.970769294000036],[93.55306648200008,23.96612564700007],[93.55159325600005,23.963536773000044],[93.55029774300004,23.961782157000073],[93.54570977000009,23.95845366700007],[93.53403520900008,23.95848209600007],[93.52563747800008,23.95588373700008],[93.51545350500004,23.943787842000063],[93.50633347900003,23.94262873400004],[93.50151289200005,23.94493608700003],[93.49703115100004,23.951645516000042],[93.48670814200005,23.955670808000036],[93.48101989900005,23.958319764000066],[93.47168914000008,23.965179677000037],[93.46572495100008,23.973505057000068],[93.46147910400003,23.98188388600005],[93.46230775300006,23.99561041900006],[93.45399045700003,24.009996345000047],[93.44505352700008,24.014321103000043],[93.43592509600006,24.020719770000028],[93.43199330600004,24.028367269000057],[93.43029446700007,24.03124718400005],[93.42861639900008,24.03544198900005],[93.42788347900006,24.03744600400006],[93.42719220400005,24.04207983300006],[93.42612521200004,24.044515258000047],[93.42494044600005,24.04709803800006],[93.42470543900004,24.053933457000028],[93.42159884900008,24.064017904000025],[93.41992005100008,24.066563565000024],[93.41634642200006,24.069982631000073],[93.41648483000006,24.071916962000046],[93.41172240400005,24.07375703300005],[93.40900052800004,24.075689727000054],[93.40714365200006,24.07853024700006],[93.40482507200005,24.080929359000038],[93.40133161100005,24.083669961000055],[93.39550079200006,24.083616686000028],[93.38680637600004,24.085748485000067],[93.38414293300008,24.085413019000043],[93.37735992100005,24.088455286000055],[93.37133389900004,24.090727383000058],[93.36636168000007,24.091713153000057],[93.35871213000007,24.091063640000073],[93.35707359600008,24.094141293000064],[93.35452255000007,24.09868612200006],[93.35027765200005,24.099850668000045],[93.34942717500007,24.102738169000077],[93.34656582200006,24.103072586000053],[93.34462724100007,24.09710537500007],[93.34928482600009,24.095427720000032],[93.35270866600007,24.090451078000058],[93.34672049400007,24.090269026000044],[93.33275315200007,24.087169386000028],[93.32919688900006,24.081217820000063],[93.33045825200008,24.07375274000003],[93.33335958400005,24.071503392000068],[93.33613174600004,24.06423354700007],[93.33694119100005,24.06064937700006],[93.33184381400008,24.053380138000023],[93.32628995300007,24.047550994000062],[93.32879654200008,24.042127676000064],[93.33788530800007,24.040360097000075],[93.33231975200005,24.037975455000037],[93.32945640000008,24.03431675400003],[93.33138417600009,24.03038192100007],[93.33370410500004,24.02753579700004],[93.33784975100008,24.023434305000023],[93.33078234400006,24.02123249600004],[93.33072102100004,24.015204711000024],[93.33283526600007,24.008814908000033],[93.33673285300006,23.990382961000023],[93.33301871400005,23.97893748000007],[93.34299749900003,23.974876968000046],[93.35106296200007,23.959976010000048],[93.34879360300005,23.948333552000065],[93.35186074000006,23.941285967000056],[93.35959576200008,23.940894160000028],[93.37215375400007,23.932177834000072],[93.39048455200003,23.930224808000048],[93.39222713400005,23.918214569000043],[93.39169796000004,23.912212140000065],[93.39008536600005,23.896881196000038],[93.38485965300003,23.87742422200006],[93.38798128600007,23.86242657100007],[93.38711431400009,23.844088398000054],[93.39017696800005,23.830570806000026],[93.39314422900009,23.816376560000037],[93.40390881800005,23.80399355800006],[93.39713831000006,23.786120779000044],[93.39419305700005,23.765170665000028],[93.39445009900004,23.754954570000052],[93.40063783300008,23.747693300000037],[93.40975726300007,23.730978812000046],[93.41107237300008,23.717556261000027],[93.40618157400007,23.712840511000024],[93.40957158800006,23.705170985000052],[93.41958788700003,23.701227870000025],[93.42751138200003,23.68928031400003],[93.43561156500004,23.678931421000073],[93.42543308500007,23.66180316300006],[93.41970923900004,23.650607425000032],[93.41675785600006,23.64207237200003],[93.42307065900008,23.629993914000067],[93.41924300600004,23.623344536000047],[93.42150907600006,23.609303125000054],[93.42534469900005,23.600844335000033],[93.42595876800004,23.592178684000032],[93.42168303000005,23.571141503000035],[93.41145371200008,23.564130654000053],[93.41189369600005,23.556011669000043],[93.41117242400009,23.525402831000065],[93.40289970100008,23.510946828000044],[93.39452924000005,23.500001517000044],[93.39315875700004,23.480190445000062],[93.39787072100006,23.46984671100006],[93.39196701300006,23.457308113000067],[93.39100538200006,23.44972364100005],[93.39031530800008,23.43593836100007],[93.39122235300005,23.409843573000046],[93.40168696600006,23.390070963000028],[93.39479422800008,23.37723034100003],[93.38789160900006,23.36765371900003],[93.38201345700008,23.359164323000073],[93.36433509900007,23.35602265400007],[93.36200704600003,23.33665982800005],[93.36723290100008,23.319479209000065],[93.36437000300003,23.311828924000054],[93.36827496100005,23.299109586000043],[93.36234482800006,23.28063257900004],[93.36827164900006,23.265974637000056],[93.36888634300004,23.250066713000024],[93.38138085400004,23.224307055000054],[93.37776073400005,23.210535789000062],[93.37842028100005,23.188594228000056],[93.37213078200006,23.170308951000038],[93.36768616500007,23.14551137500007],[93.38650462700008,23.143631882000022],[93.37723724100005,23.127373787000067],[93.35721553700006,23.117025643000034],[93.35354902200004,23.09734096300008],[93.34563933400005,23.088060992000067],[93.33915466700006,23.073267927000074],[93.34684970300003,23.070547969000074],[93.33964890700008,23.058725345000028],[93.32787600700004,23.048144181000055],[93.31966555100007,23.035322284000074],[93.31266866600004,23.01884860900003],[93.29104774200005,23.008527230000027],[93.27102144500003,23.01121794200003],[93.23691543100006,23.010311224000077],[93.22448105200004,23.023631564000027],[93.21381292000007,23.035963614000025],[93.20132708000006,23.054652307000026],[93.18043088100006,23.057563165000033],[93.15519961600006,23.043454189000045],[93.13954233000004,23.055546311000057],[93.12814569300008,23.04483790000006],[93.12304988600005,23.00907967200004],[93.13001793600006,22.99299163300003],[93.14202122400008,22.97838113100005],[93.13666930400007,22.964011325000058],[93.14607233900006,22.942338002000042],[93.15660206700005,22.918692259000068],[93.14165490900007,22.913996603000044],[93.13363129200008,22.89111321000007],[93.11874471300007,22.86538694500007],[93.11005632300004,22.83409832600006],[93.10998583900005,22.819685780000043],[93.09584513400006,22.80201323700004],[93.09892638500008,22.77569819300004],[93.10382412100006,22.740325846000076],[93.09328510700004,22.713766191000047],[93.09819609900006,22.690492477000078],[93.09759547900006,22.681268329000034],[93.10129487000006,22.661175],[93.10943424400006,22.63513376000003],[93.12761581400008,22.616892918000076],[93.13779678800006,22.59700788300006],[93.12360036000007,22.568146343000024],[93.10905032200009,22.53668958000003],[93.11460000900007,22.525384272000053],[93.12363344600004,22.509447387000023],[93.13442403300007,22.483251600000074],[93.13887293600004,22.454220441000075],[93.17282094900008,22.44085565000006],[93.18522542600004,22.427690126000073],[93.18693073400004,22.40264200300004],[93.18859225000006,22.38489323500005],[93.18622327500003,22.368320209000046],[93.18798460200009,22.345824255000025],[93.18951255800005,22.32400140200008],[93.19060870500005,22.30934711900005],[93.19143143000008,22.29785077400004],[93.19386845600008,22.28988503100004],[93.20103389600007,22.262278971000057],[93.18495754500003,22.250543684000036],[93.16619938100007,22.247044148000043],[93.14655185800007,22.24948127600004],[93.14047257800007,22.233771491000027],[93.14889859700008,22.213916264000034],[93.15893869800004,22.19069068500005],[93.15219955300006,22.177376175000063],[93.13774642800007,22.17580451500004],[93.12271977300009,22.180430733000037],[93.11354350200008,22.195906837000052],[93.09905524500005,22.198877192000054],[93.07702641700007,22.202009369000052],[93.06141151900005,22.205303369000035],[93.04721200800003,22.203020996000078],[93.03849444100007,22.19603824400008],[93.04222575900008,22.183701255000074],[93.04733001200003,22.162763935000044],[93.04010730300007,22.150494329000026],[93.04199298000003,22.143615735000026],[93.04301145100004,22.137680097000043],[93.05379192600003,22.12502087300004],[93.05804689700005,22.10897947600006],[93.05539240000007,22.100480497000035],[93.04067058300006,22.099947241000052],[93.02621704600006,22.101980643000047],[93.00656527000007,22.105123666000054],[93.01156366300006,22.089763910000045],[93.00389053300006,22.074548653000022],[93.00312550400008,22.062931325000022],[92.99568859600004,22.044864225000026],[92.99568965500004,22.029412600000057],[93.00218675500008,22.007930200000033],[92.98390366400008,21.97984847400005],[92.97851176600005,21.99637781100006],[92.97164079700008,22.00589841200008],[92.96427621900006,22.012163068000064],[92.96438730800008,22.01763466700004],[92.95743884900008,22.02871131300003],[92.94790157800009,22.026059404000023],[92.94148092500006,22.01666945100004],[92.93162135100005,22.01675671000004],[92.92933490800004,22.008809274000043],[92.93113713900004,21.999194448000026],[92.92119232900006,21.991972842000052],[92.92021338800004,21.986815861000025],[92.91705199400008,21.981244537000066],[92.91315019200005,21.970787467000036],[92.91369296100004,21.965891956000064],[92.90763167900008,21.946061238000027],[92.90466214200006,21.941648478000047],[92.90104534700004,21.953764256000056],[92.90045460100004,21.961749009000073],[92.89930116700003,21.96960367300005],[92.89885641200004,21.98009141400007],[92.89538937600008,21.991824741000073],[92.89382312000004,22.004309310000053],[92.88821069000005,22.013083866000045],[92.87966358100005,22.022328455000036],[92.86359416400006,22.027685329000064],[92.86419960000006,22.03944070700004],[92.86516225500009,22.051770532000035],[92.86269260900008,22.062660395000023],[92.85655047500006,22.066560136000078],[92.84904309500007,22.06252787300008],[92.83966055400003,22.06246147400003],[92.83647961300005,22.072173992000046],[92.82223108200009,22.07445240900006],[92.81777713800005,22.086942401000044],[92.80797802600006,22.09598610300003],[92.79589291200006,22.095879569000033],[92.79095535400006,22.103318555000044],[92.78281440200004,22.106813302000035],[92.77302965800004,22.107883766000043],[92.76790507500004,22.113791175000074],[92.76507564800005,22.118906897000045],[92.76250354800004,22.120433639000055],[92.75506704000009,22.125076739000065],[92.74701771200006,22.130106984000065],[92.74022984600003,22.132219649000035],[92.73324395800006,22.138629802000025],[92.72805930100009,22.14719655500005],[92.72202018000007,22.147967235000067],[92.70906007600007,22.15166380100004],[92.69475191400005,22.15196731800006],[92.69229297900006,22.12224150800006],[92.69183084400004,22.07706380700006],[92.68884219600005,22.092304821000027],[92.68192023700004,22.10384540700005],[92.68425476600004,22.05499687500003],[92.68129583300004,22.018294337000043],[92.66892757200009,22.010716235000075],[92.65150118100007,22.015642900000046],[92.63676751600008,21.990046418000077],[92.61253046100006,21.976504770000076],[92.60314968400007,21.980385312000067],[92.61117314800003,21.98382145200003],[92.61259950400006,21.990796445000058],[92.60910185200004,21.998239111000032],[92.60048527700008,22.005495281000037],[92.59903939700007,22.01418960500007],[92.60072425500005,22.019930131000024],[92.59981854900008,22.026581219000036],[92.59346026700007,22.034834594000074],[92.59486589500005,22.04119173600003],[92.59844300400005,22.04728169200007],[92.60011303900006,22.05145401900006],[92.60297794200005,22.060222904000057],[92.59274713100007,22.064584758000024],[92.59021692300007,22.07119622500005],[92.58974931400007,22.07537127200004],[92.59025860600008,22.080864391000034],[92.58523008300006,22.08448009400007],[92.58364563200007,22.090343905000054],[92.58162739000005,22.098391348000064],[92.57725496200004,22.104685811000024],[92.57322230800008,22.11751412600006],[92.56721055100007,22.12387155400006],[92.56322466000006,22.12941981700004],[92.56752524400008,22.135353515000077],[92.57699954500004,22.14048332300007],[92.58719899600004,22.141114877000064],[92.59226257300008,22.135239692000027],[92.59482798200008,22.12527263100003],[92.60732527000005,22.12616960500003],[92.60984510600008,22.134290977000035],[92.61084215500006,22.138981086000058],[92.60920991500006,22.146021878000056],[92.60959331800007,22.149878716000046],[92.60829492500005,22.15702542500003],[92.60936425000006,22.16419567400004],[92.59685794900008,22.17463662600005],[92.59546834300005,22.17439868100007],[92.59661524400008,22.176649651000048],[92.59647723500007,22.178729300000043],[92.59544454900004,22.180371127000058],[92.59565394200007,22.183078953000063],[92.59544454900004,22.183721408000054],[92.59592995900005,22.187233492000075],[92.59627736000004,22.190778889000057],[92.59602037900004,22.193310636000035],[92.59478781800004,22.195623472000023],[92.59408349700004,22.19754131700006],[92.59514473700006,22.19972090400006],[92.59366947100006,22.202052775000027],[92.59434999700005,22.203133052000055],[92.59386934600008,22.203827853000064],[92.59415964000004,22.20625014500007],[92.59317930300006,22.209319651000044],[92.59294611500007,22.210785397000052],[92.59131380500008,22.212179762000062],[92.59075701100005,22.213764483000034],[92.59168024300004,22.214340312000047],[92.58958155900007,22.21530637500007],[92.58809201500009,22.216538934000027],[92.58768274700003,22.218642377000037],[92.58954824500006,22.220641125000043],[92.58986233400003,22.222211569000024],[92.58900096900004,22.224514887000055],[92.58800159500004,22.22467669200006],[92.58866784600008,22.226770616000067],[92.58934361100006,22.227731920000053],[92.58812056900007,22.229863916000056],[92.58983853900008,22.230444504000047],[92.58926746900005,22.23178652000007],[92.59058093100003,22.23263360800007],[92.58885820100005,22.23356635700003],[92.59093309100007,22.233947072000035],[92.59025256500007,22.234951203000037],[92.58979570900004,22.237373496000032],[92.59196577700004,22.239505491000045],[92.59043340400007,22.243664789000036],[92.59109965400006,22.24584913600006],[92.58906759300004,22.247381508000046],[92.59079032400007,22.248894845000052],[92.59016690500005,22.251102986000035],[92.59018594100007,22.253453893000028],[92.59105467200004,22.25498580900006],[92.58903904000005,22.255452641000034],[92.58877254000004,22.257132539000054],[92.58720209600006,22.257665538000026],[92.58631693700005,22.258331789000067],[92.58546509000007,22.259397786000022],[92.58581725000005,22.260045],[92.58467986800008,22.262895593000053],[92.58659295400008,22.26408056500003],[92.58472745700004,22.265170358000034],[92.58425632400008,22.267126275000066],[92.58127247900006,22.26884424600007],[92.58270015600004,22.27061932500004],[92.58291906600004,22.272551446000023],[92.58156753300005,22.273217695000028],[92.58151042600008,22.276515628000027],[92.58327122700007,22.277548314000057],[92.58588387500004,22.277062904000047],[92.58482739400006,22.279670793000037],[92.58560309800004,22.280679685000052],[92.58165795200006,22.281479184000034],[92.58308562900004,22.284072798000068],[92.58286195900007,22.286233348000053],[92.58110115800008,22.286766346000036],[92.58224805900005,22.289364719000048],[92.58121537200003,22.291163590000053],[92.58278581600007,22.294066534000024],[92.58313321800006,22.298049750000075],[92.58233847800005,22.30044348900003],[92.58066333700003,22.30225188000003],[92.58225757600007,22.30309420900005],[92.58277629900005,22.304236350000053],[92.58028262300007,22.30448857300007],[92.57998281200008,22.30677285400003],[92.58140572900004,22.308866781000063],[92.57766997500005,22.31175068700003],[92.58045394500004,22.311645992000024],[92.57984956200005,22.313511489000064],[92.57900723300008,22.316566717000057],[92.57901199100007,22.31763271600005],[92.58074423900007,22.319426828000076],[92.58066809600007,22.321620692000067],[92.57957830300006,22.32246777900008],[92.58006847200005,22.324466526000037],[92.57695613700008,22.325694328000054],[92.57615663800004,22.330448493000063],[92.57488124800005,22.332742293000024],[92.57442914900008,22.33475531600004],[92.57558081000008,22.33579276200004],[92.57408174800008,22.33778674900003],[92.57497166600007,22.341041853000036],[92.57291105300004,22.342302967000023],[92.57228287600003,22.347209416000055],[92.57280635700005,22.350455001000057],[92.57189264400006,22.35506639500005],[92.57160235000003,22.35929231700004],[92.56837104200008,22.36026789700003],[92.56704806200008,22.365355184000066],[92.56728124900008,22.370708972000045],[92.56254136200005,22.371484676000023],[92.56386434300003,22.375972339000043],[92.56192030600005,22.377159568000025],[92.56290043100006,22.380298632000063],[92.56018201100005,22.380989010000064],[92.56067822800009,22.38359600800004],[92.56101844900007,22.38650812000003],[92.56069661900005,22.388495222000074],[92.55861285600008,22.391479162000053],[92.55888887300006,22.394570084000065],[92.55742312500007,22.397468267000022],[92.55812515800005,22.399863037000046],[92.55929814000007,22.40251510400003],[92.55524829800004,22.40485649200008],[92.55741836700008,22.407183605000057],[92.55527760100006,22.41048157800003],[92.55310202400005,22.408884921000038],[92.55303375700004,22.410685641000043],[92.55320862400004,22.416179397000064],[92.55472719600004,22.41770106100006],[92.55158868700005,22.42087288400006],[92.55103189300007,22.423997115000077],[92.55341827600006,22.422371098000042],[92.55573370800005,22.422600372000034],[92.55564090900003,22.424779959000034],[92.55530302600005,22.42711896800006],[92.55163865600008,22.42690243800007],[92.55274109400005,22.42855901100006],[92.55540296300006,22.428870252000024],[92.55444066700005,22.43307204200005],[92.55423124200007,22.435086038000065],[92.55154044600005,22.43760813600005],[92.55270366000008,22.438833311000053],[92.55222300900004,22.441748150000024],[92.54972219500007,22.443442326000024],[92.55140209500007,22.44656179900005],[92.55036109600007,22.44805780200005],[92.55145206400005,22.44949091600006],[92.55057110800004,22.452149974000065],[92.54971867600005,22.455150968000055],[92.54807839300008,22.45640858300004],[92.54936765600007,22.458456726000065],[92.54663247000008,22.46184609200003],[92.54698183500005,22.464321961000053],[92.54738041000007,22.467458160000035],[92.54580328700007,22.469518453000035],[92.54664653800006,22.474343141000077],[92.54670503900007,22.477159289000042],[92.54558431300006,22.478322846000026],[92.54582939700003,22.480428669000048],[92.54553672400004,22.48292234300004],[92.54495137600009,22.48571583200004],[92.54629235600004,22.488982943000053],[92.54388158100005,22.49018820400005],[92.54408838600006,22.49236369700003],[92.54417265300003,22.49484523800004],[92.54719758700008,22.49502428200003],[92.55009577100003,22.496644695000043],[92.54948004600004,22.498486135000064],[92.54607924000004,22.498579196000037],[92.54280510200005,22.498990845000037],[92.54419444000007,22.500513930000068],[92.54632806900008,22.499514272000056],[92.54801538600003,22.501376502000028],[92.54921531700006,22.502738754000063],[92.54719780200008,22.503711544000055],[92.54826839500004,22.507514008000044],[92.55086587100004,22.507602726000073],[92.54937541000004,22.50974047400007],[92.54665560900008,22.510284839000064],[92.55066211900004,22.511780204000047],[92.54900619300008,22.51452105800007],[92.54749634400008,22.516247659000044],[92.54597911400003,22.515751029000057],[92.54378200700006,22.513483187000077],[92.54397129300008,22.516518830000052],[92.54560613800004,22.517852795000067],[92.54408525200006,22.521338741000022],[92.54159043700008,22.522840374000054],[92.54348618800003,22.52476997800005],[92.54156302300004,22.52558607900005],[92.54077780200004,22.52664493900005],[92.53984121600007,22.528500950000023],[92.54103947700008,22.52982368100004],[92.54110437500003,22.533583632000045],[92.53968800900003,22.534566165000058],[92.53856240200008,22.535972064000077],[92.53890754600008,22.53852082900005],[92.53919273400004,22.54131009300005],[92.53723998600003,22.543017888000065],[92.53686120800006,22.54541888800003],[92.53236583900008,22.544974230000037],[92.53193136800007,22.548491683000066],[92.53156101000008,22.55259646500008],[92.52812953000006,22.556951723000054],[92.52598684600008,22.55767761800007],[92.52183021400003,22.56046324400006],[92.52470586300007,22.562229717000037],[92.52790377800005,22.569499204000067],[92.52984620800004,22.573056225000073],[92.53669826700008,22.574085615000058],[92.53641692000008,22.578976254000054],[92.53683579400007,22.58405764200006],[92.53824967400004,22.58626369700005],[92.53343840500008,22.58577352700007],[92.53552890100008,22.58701374000003],[92.53934422700007,22.589390308000077],[92.53657453400007,22.58924278300003],[92.53510659600005,22.59209154800004],[92.53697904200004,22.594701265000026],[92.53495650100007,22.59892718900005],[92.53404278800008,22.60115912300006],[92.53032665200004,22.60742667200003],[92.53149200600006,22.60926356600004],[92.53427121600004,22.607992934000038],[92.53534306700004,22.612003651000066],[92.53009203400006,22.61458752900006],[92.53004375000006,22.620118098000034],[92.52757832400005,22.62148778200003],[92.53238285600008,22.627565702000027],[92.53235083500005,22.633387511000024],[92.52619278900005,22.633401787000025],[92.52743486800006,22.636319007000054],[92.52660681600008,22.639269537000075],[92.52485553200006,22.642876801000057],[92.52497854400008,22.650830959000075],[92.52720096000007,22.651397271000064],[92.52495474800008,22.653786251000042],[92.52397441100004,22.658154941000078],[92.52737228100005,22.658897333000027],[92.52672030800005,22.66099601800005],[92.52822888700007,22.665754939000067],[92.52586846100007,22.668143917000066],[92.52611116700007,22.67278386600003],[92.52235677500005,22.673952949000068],[92.52196138600004,22.681045355000037],[92.52080496900004,22.68513802700005],[92.51868248900007,22.68906413800005],[92.51857303400004,22.693951553000034],[92.51633994700006,22.70300788000003],[92.51528346700007,22.707205249000026],[92.51409013000006,22.710931385000038],[92.51757841900007,22.716808654000033],[92.51652194000008,22.721524747000046],[92.51448036100004,22.72360439600004],[92.51156314300005,22.72768755100003],[92.51269223300005,22.733531606000042],[92.50801659200005,22.735387587000048],[92.50339823500008,22.737976382000056],[92.49483913800003,22.73981338300007],[92.49131991500008,22.74122678300006],[92.48605892700004,22.746723339000027],[92.47682899800003,22.745645443000058],[92.47498992300007,22.74749151700007],[92.47912098700004,22.752362309000034],[92.47595097600004,22.75671707500004],[92.47363369900006,22.759698221000065],[92.47498015600007,22.76475489300003],[92.47404502800003,22.769887391000054],[92.47395222900008,22.77500561100004],[92.47251027600004,22.782672236000053],[92.46959781500004,22.781565785000055],[92.46960612200007,22.78713435900005],[92.47142524100008,22.793558269000073],[92.46971916800004,22.79938319000007],[92.46532758200004,22.80595786300006],[92.46312330200004,22.811546994000025],[92.46128159900007,22.807178304000047],[92.45840609000004,22.817480110000076],[92.45443589000007,22.81892094400007],[92.45824064800007,22.823446680000075],[92.45777665300005,22.826851687000044],[92.45984279400005,22.833194468000045],[92.45304943300005,22.841885451000053],[92.45740979600004,22.841546378000032],[92.46387003100006,22.842248317000042],[92.45848650100004,22.84505608300003],[92.45922653800005,22.848481751000065],[92.45823331600008,22.850223182000036],[92.45680186700008,22.85209853200007],[92.45993918600004,22.85288732400005],[92.46373680600004,22.85289446200005],[92.46318715100006,22.855963968000026],[92.45961082100007,22.85810548200004],[92.46107847300004,22.860167286000035],[92.46033370100008,22.861464091000073],[92.45542963200006,22.860714562000055],[92.45295737200007,22.861437917000046],[92.45203116700009,22.864995926000063],[92.45388476700003,22.867418216000033],[92.45515302000007,22.870214084000054],[92.45719935600005,22.87024501700006],[92.45995239200005,22.870413959000075],[92.45800599300009,22.87245077700004],[92.45377769100008,22.87454708100006],[92.44921150700009,22.87576060600003],[92.44796585700004,22.878524352000056],[92.44999189100008,22.887085710000065],[92.44788765600003,22.896363078000036],[92.44384344200006,22.893764798000063],[92.43645521500008,22.885434305000047],[92.43329291100008,22.888607317000037],[92.42807118500008,22.895253152000066],[92.42363042700003,22.90235042000006],[92.42098990800008,22.908755402000054],[92.42049084600006,22.914384047000055],[92.42019766600004,22.918983104000063],[92.41255947800005,22.91344888900005],[92.40449349400006,22.918147608000027],[92.40304710100008,22.912769388000072],[92.39736186000005,22.915358407000042],[92.40099400100007,22.92229142800005],[92.39630086100004,22.930649489000075],[92.37755949000007,22.92941625000003],[92.37679136800006,22.934279660000072],[92.37162317700006,22.93677095700008],[92.37263120700004,22.939901639000027],[92.37476771600006,22.94765291400006],[92.37706976300007,22.948877653000068],[92.37692570400009,22.955775235000033],[92.37493403200006,22.95636822000006],[92.37720539300005,22.960006392000025],[92.37494867600003,22.964616727000077],[92.37437999900004,22.971518893000052],[92.37826027600005,22.977036058000067],[92.38028917500009,22.975817911000036],[92.37918272500008,22.979772575000027],[92.38425097700008,22.981906953000077],[92.38218084500005,22.987324986000033],[92.38504333700007,22.992671633000043],[92.38180964900005,23.000402502000043],[92.38316171900004,23.008877623000046],[92.37990370200004,23.011188600000025],[92.38061753900007,23.017663112000037],[92.38213869500004,23.021505020000063],[92.38345415800006,23.023333913000045],[92.38313354800005,23.02578567100005],[92.38477235400006,23.027477986000065],[92.38283611500003,23.031222739000043],[92.38285469700008,23.034482516000025],[92.38364850500005,23.038104995000026],[92.38786455500008,23.039686407000033],[92.38795243200008,23.043658754000035],[92.38912907500008,23.04600145200004],[92.38827768700008,23.04856271400007],[92.39100587600007,23.049216699000056],[92.39039494900004,23.052016730000048],[92.39216288800009,23.05350865300005],[92.39039256900008,23.05526969300007],[92.39152328900008,23.05616056100007],[92.39170793500006,23.05787377300004],[92.39070475600005,23.060510217000058],[92.38814317600009,23.061046162000025],[92.38717934500005,23.062632697000026],[92.38853410300004,23.064194961000055],[92.38798836100005,23.065406195000037],[92.38769711600008,23.066847198000062],[92.38506553400003,23.068769365000037],[92.38382946900003,23.071244356000022],[92.38315900700007,23.073403088000077],[92.38510635900008,23.07455284300005],[92.38528910100007,23.077476726000043],[92.38163142000008,23.080302661000076],[92.38059645100003,23.082265550000045],[92.37980048500003,23.084760945000028],[92.37953424000005,23.086937083000066],[92.37723554800004,23.087234313000067],[92.37700563900006,23.085616277000042],[92.37458908900004,23.08525006600007],[92.37248318700006,23.086775653000075],[92.37214652700004,23.08834822500006],[92.37089683000005,23.090211342000032],[92.36990593600007,23.092941773000064],[92.36922135800006,23.09506602400006],[92.36710679300006,23.09605739500006],[92.36482879300007,23.09799917500004],[92.36287640800003,23.09781692000007],[92.36129406500004,23.099003675000063],[92.35980552300003,23.101139466000063],[92.36020815500007,23.102421624000044],[92.35853658000008,23.10377061300005],[92.35927897200008,23.106164352000064],[92.36023677800006,23.110104870000043],[92.36086063700009,23.11264353300004],[92.36258207700007,23.11598386000003],[92.36251057500004,23.117998172000057],[92.36451888500005,23.119551570000056],[92.36519071700008,23.121455728000058],[92.36608115300004,23.12496707200006],[92.36806224000009,23.127338859000076],[92.36510100800007,23.128431858000056],[92.36297377000005,23.130695913000068],[92.36140827500003,23.13110148800007],[92.35793302000008,23.134275794000075],[92.35707113100005,23.13632222600006],[92.35876183300007,23.140042927000025],[92.36038695200006,23.14215407000006],[92.36029063700005,23.144694774000072],[92.36032808800007,23.14676925300006],[92.35851199000007,23.145688198000073],[92.35951151200004,23.148067938000054],[92.35935545600006,23.149378114000058],[92.36116860500005,23.150688007000042],[92.36111179100004,23.152940607000062],[92.36136134100008,23.154071600000066],[92.36240835700005,23.156584940000073],[92.36391198900009,23.157924362000074],[92.36285254900008,23.159923527000046],[92.36219105800006,23.161869927000055],[92.36172114700008,23.16353373100003],[92.36146238500004,23.166700030000072],[92.35859928300005,23.168746043000056],[92.35728968900008,23.171808445000067],[92.35664058500004,23.176177111000072],[92.35448955700008,23.17891246100004],[92.35726543700008,23.179924219000043],[92.36135740400005,23.18238436400003],[92.35869701600006,23.184974022000063],[92.35648627200004,23.184793355000068],[92.35375092600003,23.184573589000024],[92.35494455700007,23.185571124000035],[92.35417712800006,23.187694239000052],[92.35426489000008,23.190241464000053],[92.35282317400004,23.192232597000043],[92.35298200300008,23.194306255000072],[92.35283602400006,23.195050355000035],[92.35439430700006,23.196972905000052],[92.35465128800007,23.199374972000044],[92.35443356800005,23.200948984000036],[92.35427124100005,23.202210001000026],[92.35348598500008,23.20285417300005],[92.35361112800007,23.20353784300005],[92.35390818600007,23.20427098600004],[92.35380158400005,23.204389008000078],[92.35258782000005,23.205357889000027],[92.35341754000007,23.20574149400005],[92.35276318800004,23.206353016000037],[92.35351271900004,23.206595719000063],[92.35363908300008,23.207076721000078],[92.35450566500003,23.207554130000062],[92.35442668500008,23.208233137000036],[92.35432590000005,23.20871930900006],[92.35387311600005,23.20996961000003],[92.35389011600006,23.21146206700007],[92.35421134300003,23.211335956000028],[92.35354567000007,23.211836402000074],[92.35400992600006,23.212438983000027],[92.35399481300004,23.21308010000007],[92.35348909000004,23.213134138000044],[92.35295187700007,23.214071474000036],[92.35322789400004,23.214364148000072],[92.35357126900004,23.214591057000064],[92.35359030500007,23.215331071000037],[92.35371641600005,23.215659437000056],[92.35348084900005,23.21617578000007],[92.35378351200006,23.21661167600007],[92.35362123700008,23.217339335000077],[92.35321894900005,23.217776583000045],[92.35351654200008,23.21831015500004],[92.35366644700008,23.218957368000076],[92.35361753200004,23.219444687000077],[92.35397519600008,23.219935731000078],[92.35408179600006,23.220516321000048],[92.35398281000005,23.221039802000064],[92.35370298500004,23.22180123000004],[92.35345171500006,23.222916720000057],[92.35345361900005,23.22410074000004],[92.35296059400008,23.22473272600007],[92.35264460100007,23.225204809000047],[92.35257693000005,23.22634286600004],[92.35214941300006,23.22769009500007],[92.35188589000006,23.22865118900006],[92.35118909100004,23.23029828700004],[92.35119424700008,23.23143059000006],[92.35126806500006,23.232826315000068],[92.34862717400006,23.234511901000076],[92.40180608300005,23.238922562000027],[92.40367393000008,23.241650677000052],[92.39895936400006,23.24262451900006],[92.39565811500006,23.24832731300006],[92.39706707000005,23.251673337000057],[92.39742009200006,23.25649842300004],[92.39030048100005,23.258952591000025],[92.38843336200006,23.264409657000044],[92.39122553300007,23.264334941000072],[92.39388715600006,23.266701262000026],[92.38890998500005,23.278627937000067],[92.38496736100007,23.28380118000007],[92.38125889500003,23.28500119200004],[92.38237715300005,23.29145896400007],[92.38295180300008,23.295448951000026],[92.38320413400004,23.300776304000067],[92.38589532900005,23.304265335000025],[92.38215587100007,23.309108483000045],[92.37651872600009,23.312699491000046],[92.37716493000005,23.317859492000025],[92.37330320900008,23.318950925000024],[92.36964277000004,23.321684998000023],[92.36755512500008,23.321520123000028],[92.36728182700006,23.31843815700006],[92.36460661600006,23.32344147400005],[92.36830702900005,23.325961452000058],[92.37398171000007,23.335629366000035],[92.37514050800007,23.341517167000063],[92.37627135900004,23.347051733000058],[92.38065210900004,23.35164114400004],[92.38029861400008,23.355792591000068],[92.37749760700007,23.35830910900006],[92.37757654200004,23.363353738000058],[92.37093838300007,23.365999246000058],[92.37077151900007,23.37197731400005],[92.36787748100005,23.370525884000074],[92.35992240200005,23.368137431000036],[92.35692449400005,23.37417386000004],[92.36234457000006,23.378274915000077],[92.36327321800007,23.381044667000026],[92.35617537900004,23.379799766000076],[92.35308854700008,23.380313537000063],[92.35488195300007,23.38397309000004],[92.35625164400005,23.386153096000044],[92.35774787400004,23.388784843000053],[92.35854348700008,23.391196294000054],[92.35600559100004,23.390126304000034],[92.35360248600006,23.392964861000053],[92.35319776200004,23.39890080400005],[92.35282556000004,23.403474567000046],[92.35428481100007,23.405494141000077],[92.35489336900008,23.401700135000056],[92.35742886400004,23.40388949000004],[92.35780141600009,23.407946218000063],[92.35423404200009,23.41288227900003],[92.34916580100008,23.412871937000034],[92.34755277300007,23.413332643000047],[92.34814249700008,23.418614072000025],[92.34769397600007,23.422844846000032],[92.34715322200003,23.428393846000063],[92.34528604200005,23.433880653000074],[92.34187344200006,23.435848648000047],[92.33760413800007,23.43203278900006],[92.33509893500008,23.432432186000028],[92.33450702000005,23.428070607000052],[92.33285323900003,23.43172069800005],[92.33189502300007,23.437077506000037],[92.33098579300008,23.44245919100007],[92.32899887600007,23.448320521000028],[92.32913164000007,23.450307645000066],[92.33238541700007,23.45690792700003],[92.33069200500006,23.454199019000043],[92.32844040400005,23.455672075000052],[92.32535999600003,23.45926354000005],[92.32962870400007,23.459290097000064],[92.33135810400006,23.461852742000076],[92.33179342200003,23.465412122000032],[92.32891069500005,23.46658050600007],[92.32539971000006,23.467786869000065],[92.31942086900006,23.469748435000042],[92.31856111100007,23.473041052000042],[92.31975250500005,23.475142171000073],[92.32190312800003,23.474179307000043],[92.32331088100005,23.476948308000033],[92.32345674400005,23.478929512000036],[92.32484273800009,23.48011731400004],[92.32096518400004,23.48080539500006],[92.32064035300004,23.484320395000054],[92.31612797000008,23.486552948000053],[92.31965849600005,23.489860471000043],[92.32111205100006,23.491755856000054],[92.31759416400007,23.493430068000066],[92.31937303800004,23.49448661300005],[92.32040812200006,23.497005009000077],[92.31904526500006,23.500220456000022],[92.32139363000005,23.500885551000067],[92.32151110400008,23.501620451000065],[92.31931384100005,23.502701598000044],[92.31907150200004,23.506311942000025],[92.31970706600003,23.51114652900003],[92.31634484600005,23.51174643300004],[92.31668449600005,23.51437940900007],[92.31819989500008,23.51657755900004],[92.31611113300005,23.516959960000065],[92.31411296000005,23.515218873000038],[92.31368007000003,23.518924007000066],[92.31691435700009,23.52402653100006],[92.31664782800004,23.528705208000076],[92.31424315900006,23.531726982000066],[92.30952328500007,23.53240977400003],[92.30640635400005,23.53465914900005],[92.30774002100009,23.54050108000007],[92.30988956800007,23.543564270000047],[92.31028974600008,23.548601226000073],[92.30968009500003,23.553514767000024],[92.31129174900008,23.554310418000057],[92.31335658000006,23.55516053300005],[92.31190253900007,23.559333527000035],[92.30676634700006,23.56638649200005],[92.30771201300007,23.564721606000035],[92.30908706000008,23.569524985000044],[92.30711576400006,23.57181238800007],[92.30776035100007,23.56901902100003],[92.30646066600008,23.571011551000026],[92.30512046600006,23.573617899000055],[92.30747723600007,23.576578005000044],[92.30698824200005,23.57932751100003],[92.30620722800006,23.58298149500007],[92.30389800900008,23.583241534000024],[92.30354173300003,23.58642453400006],[92.30152870200004,23.589179640000054],[92.30088149500006,23.59312705800005],[92.29842827000004,23.59195849200006],[92.29537207700008,23.589062244000047],[92.29422085000004,23.591765347000035],[92.29342203700008,23.594926027000042],[92.29045323300005,23.596297681000067],[92.28885330000008,23.59850374900003],[92.28809214500006,23.59545410000004],[92.28724142000004,23.59781874400005],[92.28741349200004,23.60269819000007],[92.28777727300007,23.60633237600007],[92.28750101200006,23.61053276100006],[92.28750558800004,23.614820090000023],[92.28946606700003,23.619583023000075],[92.29331851300003,23.620704474000036],[92.29611507400006,23.621533476000025],[92.29333301500009,23.625258802000076],[92.28644341400008,23.62927079900004],[92.28131113900008,23.630321570000035],[92.27935029200006,23.628071353000053],[92.27884780900007,23.624777145000053],[92.27787813700007,23.62887736500005],[92.27766347300008,23.633792904000074],[92.27958446200006,23.636918683000033],[92.28200192200006,23.636956930000053],[92.27786912800008,23.64028926700007],[92.27518107100008,23.642258738000066],[92.27385397600005,23.644273816000066],[92.27452939000005,23.647994613000037],[92.27823212900006,23.65363405200003],[92.27943166100005,23.656884224000066],[92.28267945100004,23.661747588000026],[92.28483634800006,23.665873224000052],[92.28473884800007,23.669342287000063],[92.28822727200009,23.676243595000074],[92.28917953400008,23.67892541200007],[92.28905712700004,23.680608633000077],[92.29126532300006,23.681457850000072],[92.29071421800006,23.683333530000027],[92.29044547900008,23.68530496300008],[92.28952009600005,23.686941932000025],[92.28982953600007,23.68834644900005],[92.29045371200004,23.690016322000076],[92.29065318600004,23.69137897300004],[92.28973061900007,23.693093282000063],[92.28916077000008,23.695409122000058],[92.28885151800006,23.70045612900003],[92.28594909900005,23.70312340600003],[92.28209865900004,23.707548545000066],[92.28003054500005,23.709600286000068],[92.27905455200005,23.712278230000038],[92.27955622500008,23.715093266000054],[92.27956191500004,23.71781174800003],[92.27586597500004,23.719657534000078],[92.27086992100004,23.719775801000026],[92.26815182900003,23.721434704000046],[92.26088888400005,23.724396187000025],[92.24811595500006,23.72253438900003],[92.24188911400006,23.72046552200004],[92.23884391700005,23.71642041900003],[92.23742768700004,23.714001379000024],[92.23917986000004,23.709488384000053],[92.23994822500003,23.703739160000055],[92.24229716600007,23.69679809200005],[92.23825759100004,23.69204538400004],[92.23506355300003,23.68745669200007],[92.23232723100006,23.678343511000037],[92.23254705100004,23.669465716000047],[92.22802105600005,23.661321214000054],[92.22106772300003,23.65277012400003],[92.21129707300008,23.655604587000028],[92.20862972500004,23.66027384000006],[92.20679876200006,23.669667417000028],[92.20771218700008,23.677990548000025],[92.21281647000006,23.68276760300006],[92.21107341900006,23.690636175000066],[92.20833573400006,23.69739931500004],[92.20354117400007,23.70445298800007],[92.19539738700007,23.706678002000046],[92.18671913100007,23.710417420000056],[92.17655909100006,23.712089320000075],[92.17319348000007,23.717912212000044],[92.17056053200008,23.72510787400006],[92.17282879300006,23.735558069000035],[92.16441875300006,23.739074077000055],[92.15236915500003,23.734311975000026],[92.14405675100005,23.73242513400004],[92.14250362000007,23.72617189600004],[92.13804583100006,23.719681799000057],[92.13317673900008,23.71418797000007],[92.12853536800009,23.707701606000057],[92.12415548900003,23.702397365000024],[92.12329086200003,23.69675582900004],[92.11788175800007,23.691325733000042],[92.11195526100005,23.691179267000052],[92.10472749600007,23.687099095000065],[92.10374868600007,23.680997922000074],[92.09978908400007,23.677927173000057],[92.09319723500005,23.678390168000078],[92.08748991600004,23.67976636900005],[92.08177615000005,23.67580804000005],[92.07807135000007,23.666485280000074],[92.07845987700006,23.651798236000047],[92.07120373100008,23.64601661000006],[92.06365158300008,23.64568930400003],[92.05617276100008,23.648525154000026],[92.05011831400003,23.649478572000078],[92.04466647100008,23.64836586000007],[92.03834246900004,23.651753437000025],[92.03279626700004,23.655259813000043],[92.03068627100004,23.658009078000077],[92.02463995800008,23.657371597000065],[92.01699380900004,23.66124397300007],[92.00674925700008,23.66944839000007],[92.00028478000007,23.673152966000032],[91.99844243600006,23.67821188100004],[91.99536710900009,23.68398939900004],[91.99382657700005,23.68909524000003],[91.99358372800003,23.692659828000046],[91.99270547000003,23.69475388400008],[91.99005867600005,23.69984114400006],[91.98875572200006,23.70515141800007],[91.98681825600005,23.710325186000034],[91.98578578900003,23.715971155000034],[91.98539845600004,23.72097300200005],[91.98176551000006,23.723239748000026],[91.97847089700008,23.730580474000078],[91.96933012300008,23.730456898000057],[91.96325793600005,23.733372006000025],[91.95574569700005,23.731344620000073],[91.95290553200005,23.726183330000026],[91.95100864300008,23.721189808000076],[91.95051430800004,23.716183733000037],[91.94970767600006,23.709148609000067],[91.95097193500004,23.70110120800007],[91.95728778700004,23.696132586000033],[91.95383497500006,23.692868221000026],[91.94940164600007,23.69411775900005],[91.94372435600008,23.693851899000038],[91.93970416400003,23.68843190000007],[91.93551438800006,23.683016501000054],[91.93769621100006,23.678364160000058],[91.94000138800004,23.67114713500007],[91.94088824100004,23.66550780500006],[91.93962440100006,23.66004549300004],[91.94151325400009,23.656308464000062],[91.94436243000007,23.64980201700007],[91.94578462800007,23.645991120000076],[91.94609790200008,23.64103076300006],[91.94278027300004,23.635216762000027],[91.94550643800005,23.627655644000072],[91.94792378300008,23.622293822000074],[91.95000831000004,23.618484831000046],[91.95211979200008,23.614576013000033],[91.95409037600007,23.609682346000056],[91.95324378200007,23.60438459900007],[91.95276486700004,23.59964228700005],[91.95346340800006,23.594439563000037],[91.95492099800003,23.587588998000058],[91.95617731900006,23.58036810300007],[91.95867970100005,23.564927399000055],[91.95778471400007,23.55561552100005],[91.95821309200005,23.548299282000073],[91.96271558400008,23.53973233800008],[91.96444209900005,23.534911574000034],[91.95625538100006,23.528786120000063],[91.96017507900007,23.51864000300003],[91.96323165000007,23.51695223100006],[91.96846108900007,23.509221609000065],[91.96873293300007,23.49937498500003],[91.97244686600004,23.49368383700005],[91.96947653600006,23.489743927000063],[91.96968681300007,23.48397338500007],[91.97024453600005,23.478241019000052],[91.96575179200005,23.478324352000072],[91.95855093900008,23.477547608000066],[91.95604398500006,23.475159563000034],[91.94984322900007,23.47040985700005],[91.94598572300004,23.46766373400004],[91.93833762900005,23.463352386000054],[91.93881703100004,23.45662132600006],[91.94202725100007,23.442372900000066],[91.93668661100008,23.432803626000066],[91.93044236300005,23.433667770000056],[91.91876292500007,23.439488640000036],[91.90684376600007,23.43714742700007],[91.89618732800005,23.43345045800004],[91.88580252900005,23.426779839000062],[91.87577856900003,23.421584345000042],[91.86910930700003,23.41302715100005],[91.86137603000003,23.40713394000005],[91.84703891400005,23.406121282000072],[91.84251671600003,23.40049725600005],[91.84071726500008,23.38852551800005],[91.83762998600008,23.378685666000024],[91.83215507300008,23.366950116000055],[91.82751075800007,23.364951998000038],[91.82554956000007,23.358050751000064],[91.82044968700006,23.353512229000046],[91.81289077800005,23.35010053600007],[91.80633215300008,23.342994710000028],[91.80438440400007,23.33752841100005],[91.79694108900009,23.335414806000074],[91.79211921500007,23.33376092000003],[91.79289071700003,23.33025299700006],[91.79217860300008,23.327061210000068],[91.78969002400004,23.325651743000037],[91.78739063000006,23.32562923100005],[91.78502588600008,23.325027928000054],[91.78218198200005,23.323746166000035],[91.78149848800007,23.32196310200004],[91.78084169400006,23.320415209000032],[91.77785886400005,23.318336317000046],[91.77519645100006,23.317265745000043],[91.77347477200004,23.315967742000055],[91.77161179700005,23.31520288100006],[91.76962289300008,23.312919408000027],[91.76610485700007,23.311363915000072],[91.76474393800004,23.309355432000075],[91.76416479100004,23.307142963000047],[91.76521173000003,23.30514054400004],[91.76352465100007,23.303354572000046],[91.76261247700006,23.302653230000033],[91.76245337600005,23.30158578700008],[91.76246481200008,23.300467449000053],[91.76250520700006,23.299506834000056],[91.76234222000005,23.297754618000056],[91.76275747800008,23.296860193000043],[91.76360069100008,23.29613617600006],[91.76340113800006,23.294812190000073],[91.76317808800007,23.29334241500004],[91.76229657900006,23.292427496000073],[91.76072792200006,23.29154984200005],[91.76162585000009,23.290248917000042],[91.76121577000004,23.288606247000075],[91.76073542300009,23.287873581000042],[91.76054146700005,23.286722119000046],[91.76155867900007,23.286727170000063],[91.76146321600004,23.285572570000056],[91.76093235400003,23.284524520000048],[91.76005927800009,23.283266382000022],[91.76128120600004,23.28148189500007],[91.76231419600003,23.28133409700007],[91.76270883500007,23.280340285000023],[91.76218590800005,23.27890202100008],[91.76142861400007,23.278041490000078],[91.76128059100006,23.27706923200003],[91.76289857000006,23.277147429000024],[91.76411595800005,23.27642179700007],[91.76390694400004,23.275069835000068],[91.76410359400006,23.274318324000035],[91.76473972300005,23.273856547000037],[91.76585712600007,23.27321783000008],[91.76658814900009,23.271560359000034],[91.76724030500009,23.272342813000023],[91.76768599800005,23.272860598000022],[91.76930246500007,23.273042366000027],[91.76983299400007,23.27192627900007],[91.77032027400008,23.27100998900005],[91.77368802500007,23.269995324000035],[91.77591967400008,23.270137887000033],[91.77630819400008,23.266312497000058],[91.77582455200007,23.26311350800006],[91.77742907200007,23.260408951000045],[91.77652175000009,23.25727572200003],[91.77637824400006,23.25530523200007],[91.77830184500004,23.254818986000032],[91.77915574800005,23.25147995800006],[91.77948663800004,23.24791143500005],[91.77780813100009,23.244895605000067],[91.77717110500004,23.242234062000023],[91.77963621100008,23.23991197500004],[91.78015381600005,23.24279218500004],[91.78317122900006,23.242669851000073],[91.78508111500008,23.239575683000055],[91.78456213200008,23.237371239000026],[91.78421622500008,23.234305781000046],[91.78404829400006,23.232644571000037],[91.78820096900006,23.228898249000054],[91.79016168900006,23.22654657700008],[91.78984055900008,23.225332394000077],[91.79141031900008,23.223336846000052],[91.79047318100004,23.22082221900007],[91.78778469600007,23.216005453000037],[91.79157206100007,23.211706347000074],[91.78961520500008,23.207500218000064],[91.78898200600008,23.205295540000066],[91.79286286900003,23.19948804300003],[91.79596336700007,23.19596324200006],[91.79838531300004,23.19380287100006],[91.79869541800008,23.19109091300004],[91.79642095900005,23.188606868000022],[91.79681996900007,23.186637484000073],[91.79871845400004,23.18446652600005],[91.80153467100007,23.18265912100003],[91.80584399100007,23.179108232000033],[91.80380344700006,23.176267745000075],[91.80635113500006,23.173122532000036],[91.80594152000003,23.170183055000052],[91.80802586100003,23.16613626700007],[91.80708762600005,23.162410488000035],[91.80755152100005,23.156629332000023],[91.81044752400004,23.151287393000075],[91.81405703700005,23.14610752300007],[91.81179882300006,23.14499051300004],[91.80841589100004,23.138249721000022],[91.80826705200008,23.135394059000078],[91.81116186700007,23.13646477800006],[91.81450222400008,23.133907780000072],[91.81252330300003,23.131030477000024],[91.81238046200008,23.128151030000026],[91.81200250400008,23.12388506600007],[91.81194391500009,23.120529901000054],[91.81615016200004,23.11735],[91.81801089500004,23.11210707200007],[91.81786056300007,23.107068248000076],[91.81436472800004,23.10026773900006],[91.81681924500003,23.098470302000067],[91.82111137200008,23.099847254000053],[91.82865797400007,23.098036412000056],[91.83531086000005,23.09400489500007],[91.83116984000009,23.091456367000035],[91.82776656200008,23.08885580200007],[91.82446897500006,23.084018757000024],[91.81935492800005,23.08021902400003],[91.81545308100004,23.079985011000076],[91.81706234500007,23.075538695000034],[91.81715304300008,23.07190424600003],[91.81326918800005,23.07159888600006],[91.81238464900008,23.067795884000077],[91.80624663400005,23.067301517000033],[91.80453535600003,23.063437343000032],[91.79826865800004,23.064786800000036],[91.79426831900008,23.066176572000074],[91.79124092400008,23.068859191000058],[91.78809743100004,23.070131739000033],[91.78577363700003,23.069085982000047],[91.78161059700005,23.071498594000047],[91.77433953800005,23.069461209000053],[91.77956433700007,23.059799342000076],[91.78030565600005,23.052162770000052],[91.78202580600004,23.045848798000065],[91.78351910700007,23.03701212900006],[91.78057710400003,23.03574500800005],[91.78068609600007,23.031890497000063],[91.77412220800005,23.027290681000068],[91.77326393000004,23.033939536000048],[91.77411894400007,23.037635403000024],[91.76907278700008,23.04137871300003],[91.77121343300007,23.033060900000066],[91.76340728800005,23.030879656000025],[91.75796519000005,23.024592710000036],[91.75076973800003,23.017570499000044],[91.74515560400005,23.011051205000058],[91.74255459000005,23.005930044000024],[91.73507880000005,23.002190927000072],[91.73066323400008,23.00008798500005],[91.72187546400005,22.98959564300003],[91.71257932700007,22.988215620000062],[91.71159976600006,22.983169154000052],[91.70392055400004,22.98699870100006],[91.69449505300008,22.98837859400004],[91.69048565900005,22.984877357000073],[91.68231223600009,22.97902622600003],[91.67670909400005,22.982279420000054],[91.66774270000008,22.97789242500005],[91.66033468200004,22.980160010000077],[91.65809162200009,22.978613537000058],[91.65071701600004,22.977760918000058],[91.64875362700008,22.983753164000063],[91.64507617100008,22.97616944200007],[91.63725442100008,22.965893223000023],[91.62808974500007,22.960725358000047],[91.62701322000004,22.956554337000057],[91.62466221800008,22.947269621000032],[91.62005389900008,22.93876076600003],[91.61548864600007,22.94179716800005],[91.61333574300005,22.949707829000033],[91.60836647800005,22.95016882400006],[91.60638344100005,22.956460845000038],[91.60712868800005,22.962058868000042],[91.60585179600008,22.965125774000057],[91.59972023000006,22.975463940000054],[91.58982476200003,22.976271802000042],[91.55715052900007,22.982404780000024],[91.54505108400008,23.008430471000054],[91.53158507900008,23.042441782000026],[91.52787187400008,23.077560694000056],[91.51126432700005,23.104355187000067],[91.51527606100007,23.144928423000067],[91.51019733900006,23.143321504000028],[91.50967126300009,23.140959206000048],[91.50799997800004,23.140241544000048],[91.50575031200003,23.14032433400007],[91.50328660200006,23.142055311000036],[91.50132527000005,23.14308696200004],[91.49970617200006,23.142193075000023],[91.49924165700008,23.143450623000035],[91.49825836600007,23.144342531000063],[91.49647204900003,23.14557093700006],[91.49612413700004,23.146769428000027],[91.50734801400006,23.153515896000044],[91.49480671200007,23.171941056000037],[91.48900907300003,23.192272199000058],[91.46953543000006,23.218020594000052],[91.45615502000004,23.216760300000033],[91.45162015400007,23.21912142800005],[91.45149978600006,23.220963293000068],[91.45258400200004,23.221719266000036],[91.45311171400004,23.223204165000027],[91.46046032500004,23.242262414000038],[91.45417392200005,23.260417708000034],[91.41822341400007,23.25632152000003],[91.41827767300003,23.257368717000077],[91.41847348300007,23.25870631400005],[91.41673335700006,23.260664422000048],[91.41638688400008,23.262387984000043],[91.41588625600008,23.26376115200003],[91.41704805500007,23.26572169600007],[91.41708886100008,23.267564218000075],[91.41734196600004,23.26915745200006],[91.41895894000004,23.27073891200007],[91.41862982000004,23.273726217000046],[91.41757067400005,23.275378748000037],[91.41687751900008,23.275981099000035],[91.41638919300004,23.278553384000077],[91.41598835100007,23.279435289000048],[91.41561326500005,23.282442936000052],[91.41358749400007,23.281277104000026],[91.41233756800005,23.282710914000063],[91.40962466500008,23.28399217900005],[91.41101020800005,23.258416236000073],[91.40511361100005,23.251538460000063],[91.39359081300006,23.244677005000028],[91.39554379200007,23.241986913000062],[91.39678365700007,23.240982835000068],[91.39822571200006,23.237944278000043],[91.39878420100007,23.23604177800007],[91.40017984900004,23.23433139900004],[91.40006402600005,23.230627121000055],[91.38915164200006,23.224086339000053],[91.38005284800005,23.185831217000043],[91.39092958400005,23.144321579000064],[91.40600842500004,23.097024571000077],[91.41589798700005,23.08307079100007],[91.41687680000007,23.081687182000053],[91.41551653800008,23.07636377500006],[91.41341587300008,23.069764828000075],[91.41289998400003,23.06553291700004],[91.41548317800004,23.06276553400005],[91.41230617700006,23.062408008000034],[91.41050126800008,23.06087879100005],[91.40545788800006,23.059057841000026],[91.40226296000009,23.05839610700008],[91.39949796700006,23.057573326000067],[91.39415111900007,23.057283932000075],[91.35147356900006,23.09766005700004],[91.33378251800008,23.149190142000066],[91.32380984600007,23.20660094400006],[91.31388883500006,23.264915650000034],[91.31020893800007,23.312640447000035],[91.31117651200003,23.353704408000056],[91.31553957700004,23.353270400000042],[91.29107280300008,23.350677562000044],[91.28787614300006,23.37134086800006],[91.29340222900004,23.37670487400004],[91.29086078600005,23.377524838000056],[91.28824510200008,23.37583129500007],[91.28524757600007,23.37697253400006],[91.28166173300008,23.37607025400007],[91.27891555300005,23.386944362000065],[91.27442346600003,23.416112508000026],[91.25641395700006,23.44215749500006],[91.25165984100005,23.455508879000035],[91.24983445200007,23.468693838000036],[91.24856060500008,23.490298391000067],[91.23552225400005,23.501908181000033],[91.21810005100008,23.500521063000065],[91.20203824400005,23.526387302000046],[91.20193466900008,23.550230371000055],[91.18722069400008,23.57528389400005],[91.17617189800006,23.588951732000055],[91.16345772700004,23.600796183000057],[91.15854564500006,23.620088173000056],[91.15900843300005,23.642507073000047],[91.15942408100005,23.660261430000048],[91.16072259900005,23.667292617000044],[91.17573149700007,23.660194261000072],[91.18218058200006,23.65642028700006],[91.19155059600007,23.64679962500003],[91.20360789500006,23.652161555000077],[91.20289457600006,23.661163120000026],[91.20358916800006,23.680999043000043],[91.20477142900006,23.68240933000004],[91.20642666000003,23.684848144000057],[91.20346373400008,23.685763216000055],[91.16989861500008,23.689472331000047],[91.15337768500007,23.69478191500008],[91.14989174600004,23.70926949300008],[91.15286143100008,23.724696708000067],[91.15890038900005,23.742426289000036],[91.19407912400004,23.751088008000067],[91.22240802300007,23.744916256000067],[91.23067284600006,23.764997358000073],[91.22767499000008,23.789753897000026],[91.23394438700007,23.807002812000064],[91.23300967500006,23.811107468000046],[91.23731011300004,23.813472366000042],[91.25200678900006,23.842688701000043],[91.22951809700004,23.883086603000038],[91.24396679600005,23.918096736000052],[91.25277397500008,23.92577858100003],[91.27330567100006,23.935980924000035],[91.27136068400006,23.962715290000062],[91.28589400100003,23.981455057000062],[91.285039,23.978507001000025],[91.285484,23.976856],[91.286557,23.975181],[91.28688200100004,23.97246300100005],[91.287527,23.970269],[91.28743928200004,23.968513734000055],[91.28954,23.968213001000038],[91.29049098500008,23.967949971000053],[91.291609,23.968534],[91.29238166700009,23.96886722100004],[91.293119,23.969051001000025],[91.293797,23.969219],[91.29455707900007,23.969740543000057],[91.295414,23.969956],[91.29603234900009,23.970573735000073],[91.29704746800007,23.97163315800003],[91.29824492200004,23.97179015100005],[91.29955536200004,23.97222258200003],[91.30294899800003,23.986968001000037],[91.30212505700007,23.99060406700005],[91.30204714600006,23.99131543200008],[91.302046,23.992773],[91.30158,23.99424],[91.30224001900007,23.995566256000075],[91.302921,23.99619300100005],[91.30327946300008,23.997283580000044],[91.30404878900003,23.998098456000037],[91.30439472400008,23.99622198700007],[91.30495898900006,23.995680997000022],[91.305493,23.995548],[91.306576,23.99517],[91.30761301700005,23.994693937000022],[91.308636,23.993918001000054],[91.30961937300003,23.99303701900004],[91.31087391800008,23.992488997000066],[91.31110300100005,23.991962001000047],[91.31196104900005,23.99168399100006],[91.313191,23.991262001000052],[91.31411193300005,23.99113673200003],[91.31478160700004,23.990567987000077],[91.316138,23.990685],[91.31713302100007,23.991087037000057],[91.31797003400004,23.991887011000074],[91.31898200100005,23.992476],[91.31985496000004,23.992980009000064],[91.32055180300006,23.993360090000067],[91.321516,23.993751],[91.32278899900007,23.994299002000048],[91.324042,23.994174],[91.32478304200004,23.993469959000038],[91.32576302600006,23.992596952000042],[91.326538,23.992099001000042],[91.32761595700003,23.99173661900005],[91.328129,23.991842],[91.328795,23.991778],[91.32996,23.99231],[91.330461,23.992318001000058],[91.33119033000008,23.991901909000035],[91.33153,23.991359002000024],[91.33206800100004,23.991309],[91.332881,23.991191],[91.333649,23.99063600100004],[91.334432,23.98999800100006],[91.33489799600005,23.989059003000023],[91.335362,23.98887],[91.33581399800005,23.98778199800006],[91.336293,23.986781],[91.336838,23.985738],[91.337308,23.984661],[91.33849003200004,23.984248697000055],[91.33968699800005,23.983103999000036],[91.340455,23.982350001000043],[91.34144309200008,23.982194229000072],[91.34229399500003,23.982649989000038],[91.342903,23.983152001000065],[91.344695,23.982901],[91.34566000100006,23.983105],[91.347027,23.983826],[91.34791799900006,23.983924004000073],[91.34879050000006,23.983940951000022],[91.34991695500008,23.98319937100007],[91.350879,23.982664001000046],[91.352172,23.9824],[91.354084,23.982444],[91.354895,23.983480001000032],[91.35591011300005,23.98411239400008],[91.35687535500006,23.98414924000008],[91.35835952800005,23.98403374800006],[91.35907918700008,23.984592187000032],[91.35919400100005,23.985355001000073],[91.359973,23.985808],[91.36101,23.98599500100005],[91.361741,23.986237],[91.36686430200007,23.98105418600005],[91.37948591200006,23.976575224000044],[91.37974362400007,23.98136320100008],[91.37874877800004,23.982188106000024],[91.37705914000009,23.98402791500007],[91.37878551500006,23.984717166000053],[91.37665718100004,23.986762139000064],[91.378067,23.989126],[91.378662,23.990815001000044],[91.37819633500004,23.99262920800004],[91.37650296600003,23.993019977000074],[91.37548895600008,23.995342067000024],[91.37544367000004,23.996452632000057],[91.373635,23.998312],[91.374441,24.002352],[91.37414806400005,24.004295076000062],[91.393407,24.054722001000073],[91.376308,24.087451],[91.37655928300006,24.10803229000004],[91.386199,24.106972],[91.39326299400005,24.10808570200004],[91.399629,24.108071994000056],[91.40127636200003,24.10955398300007],[91.40445303400008,24.11380341000006],[91.40804355200004,24.11340138500003],[91.41073077200008,24.114686207000034],[91.41493031100003,24.11380087200007],[91.41776993700006,24.11187929600004],[91.42069902800006,24.111899352000023],[91.42239190500004,24.109329423000077],[91.42557976100005,24.10744580900007],[91.42704572500008,24.107707384000037],[91.42896175000004,24.105789538000067],[91.42973953100005,24.10198179200006],[91.43248937600004,24.101562999000066],[91.43624892400004,24.10123158600004],[91.43930979800007,24.10306810800006],[91.44171603800004,24.099495473000047],[91.44384158600008,24.097440294000023],[91.44797444100004,24.099796455000046],[91.44975192700008,24.100797227000044],[91.45096371400007,24.10099447700003],[91.45020944300006,24.100842705000048],[91.45124725200009,24.099533912000027],[91.45214928200005,24.09859680200003],[91.45253151700007,24.098063426000067],[91.45378098800006,24.098547848000067],[91.45532096500006,24.097012776000042],[91.45791916700006,24.096855275000053],[91.46053132000009,24.097074002000056],[91.46315547100005,24.097737892000055],[91.46760039600008,24.099041931000045],[91.48263785100005,24.098007632000076],[91.48366021000004,24.096598974000074],[91.48760046500007,24.095705],[91.49095476800005,24.09635612900007],[91.51026870000004,24.08606265900005],[91.55633971400005,24.077048680000075],[91.57223176400004,24.076776091000056],[91.57521825900005,24.079516820000038],[91.59169826100003,24.078143699000066],[91.59906082300006,24.084820515000047],[91.59089824700004,24.09167461900006],[91.59547470500007,24.095927309000047],[91.59900541900004,24.097587919000034],[91.60166252500005,24.095992239000054],[91.60419864100004,24.095486707000077],[91.60503346400009,24.094601684000054],[91.60675003800009,24.092874019000078],[91.608786,24.092558],[91.61138788500006,24.09219132000004],[91.61362131200008,24.092711966000024],[91.61585236200006,24.094751875000043],[91.61785698900007,24.095007831000032],[91.62271043600003,24.096585924000067],[91.62510090100005,24.098040824000066],[91.62668331200007,24.09911905000007],[91.62929071100007,24.10110012800004],[91.63191394100005,24.100529661000053],[91.63580455500005,24.102016562000074],[91.64656534200003,24.156699082000046],[91.65668551600004,24.178099641000074],[91.65740405100007,24.179648541000063],[91.65819396600006,24.18142432800005],[91.65890364700005,24.183320090000052],[91.65810832900007,24.184440134000056],[91.65844628700006,24.186254914000074],[91.65826582000005,24.187515289000032],[91.65875410600006,24.18848326600005],[91.65983314000005,24.190000103000045],[91.65840652700007,24.192295088000037],[91.65903012700005,24.195509342000037],[91.65618765400006,24.195471721000047],[91.65395753000007,24.195859249000023],[91.65348615300007,24.197050287000025],[91.65264827500005,24.197890765000068],[91.65389777100006,24.19887987000004],[91.65367748100005,24.200912698000025],[91.65316614100004,24.20204470300007],[91.653909,24.202661001000024],[91.653096,24.203428],[91.65264935300007,24.203725398000074],[91.65223940200008,24.204854694000062],[91.65239607000007,24.20530098300003],[91.652563,24.20560800100003],[91.65244100700005,24.207105193000075],[91.65149,24.208708001000048],[91.651996,24.209388001000036],[91.65123290500009,24.209916906000046],[91.65133855400006,24.21142523800006],[91.65052804900006,24.21243876500006],[91.64942674900004,24.212347728000054],[91.649156,24.213628],[91.648089,24.214755],[91.647989,24.215735],[91.64871600100008,24.216735],[91.648576,24.217435],[91.648116,24.218428],[91.64812725900003,24.219453761000068],[91.64920307100004,24.220367968000062],[91.64957609200007,24.219694138000023],[91.65064337400008,24.21918284800006],[91.65250690000005,24.220044097000027],[91.65305033400006,24.220947334000073],[91.65414713400008,24.22145289300005],[91.65433,24.223348001000033],[91.65569260200004,24.223996972000066],[91.65591597000008,24.22505495400003],[91.656863,24.225035],[91.65637599900003,24.22615499500006],[91.65703,24.227002],[91.657997,24.228049001000045],[91.659023,24.228062],[91.65992945300007,24.228808190000052],[91.66113496100007,24.22960924700004],[91.662637,24.229722],[91.66419303000004,24.229279761000043],[91.66385358000008,24.231506334000073],[91.66570999700008,24.233242004000033],[91.66752053900007,24.23170254300004],[91.66770503000004,24.22866947400007],[91.66811600100004,24.224164966000046],[91.667577,24.221044],[91.667094,24.217786],[91.667315,24.216696],[91.66716299000007,24.212651005000055],[91.66978826100006,24.208965626000065],[91.67228499300006,24.204643006000026],[91.67443176300009,24.201424006000025],[91.67656499800006,24.19780999900007],[91.67703401100005,24.195572955000046],[91.679768,24.191680001000066],[91.679726,24.188808],[91.68026719600005,24.186155548000045],[91.68061,24.182913],[91.679989,24.179255001000058],[91.68054099700004,24.176397002000044],[91.68243195200006,24.17313895700005],[91.684448,24.169356],[91.68435107100004,24.166470982000078],[91.68881,24.164869001000056],[91.68973495100005,24.16205302900005],[91.69304897400008,24.16054800200004],[91.695824,24.161736],[91.696928,24.163613],[91.70029697500007,24.16380604400007],[91.701995,24.16371],[91.70355900300007,24.162124004000077],[91.70464284300004,24.160632304000046],[91.706396,24.157018],[91.70615106100007,24.154949052000063],[91.70764921300008,24.15468072300007],[91.70834997100008,24.154080020000038],[91.710651,24.154309004000027],[91.71166040400004,24.153543514000035],[91.713267,24.152801],[91.714836,24.153653001000066],[91.716019,24.153035],[91.718575,24.152318999000045],[91.72100999800006,24.152665996000053],[91.72149632800006,24.15158332900006],[91.722933,24.149273],[91.72318619800006,24.14759352300007],[91.72633600400007,24.14661152700006],[91.72732099900009,24.145759996000038],[91.727472,24.144433],[91.72854556100003,24.143415412000024],[91.730698,24.143701],[91.731708,24.144832],[91.73289199900006,24.145126],[91.734302,24.143973],[91.735554,24.14540500100003],[91.737416,24.145254],[91.73822509200005,24.143670204000045],[91.73855204200004,24.14298659700006],[91.73982399600004,24.14221599800004],[91.74117199700004,24.143007011000066],[91.743303,24.141328001000034],[91.74547794400007,24.143033006000053],[91.746904,24.14205000100003],[91.74979200100006,24.142137],[91.75282251900006,24.142026311000052],[91.75726410700008,24.141516041000045],[91.76104223500005,24.142189321000046],[91.75515246800006,24.24136241100007],[91.78820287200006,24.222402157000033],[91.79101574200007,24.220836833000078],[91.79455919600008,24.221052968000038],[91.79641811600004,24.219765453000036],[91.79791436000005,24.21969197100003],[91.79847276700008,24.220341166000026],[91.79892188200006,24.220576635000043],[91.79971019300007,24.220437530000027],[91.80022430600008,24.220102870000062],[91.80118927900008,24.219712638000033],[91.80226423600004,24.219527467000034],[91.80276181700003,24.21988785800005],[91.80362937600006,24.22038376000006],[91.80429766100008,24.220587998000042],[91.80519350400004,24.220364089000043],[91.80594546400005,24.22069644000004],[91.80686504000005,24.22033903600004],[91.80663558400005,24.219482163000066],[91.80700790700007,24.218521105000036],[91.80883222800009,24.217953540000053],[91.80968400400008,24.218395002000022],[91.81038399900007,24.217608994000045],[91.810311,24.217101],[91.810542,24.216791],[91.81109972700006,24.216634670000076],[91.81143413200004,24.21573065700005],[91.811948,24.215002001000073],[91.81233368800008,24.214461655000036],[91.81275401300007,24.213785751000046],[91.81296248500007,24.21323630100005],[91.81270792600009,24.212250419000043],[91.814021,24.212328],[91.81503800900003,24.211932071000035],[91.815691,24.211734],[91.816232,24.210790001000078],[91.816741,24.210354],[91.81761900100008,24.21086900100005],[91.81917463400003,24.210136714000043],[91.82003497300008,24.20959503800003],[91.82101200100004,24.209529],[91.821276,24.210183],[91.82121456500005,24.21093056500007],[91.82225299300006,24.210605057000066],[91.82354,24.210988001000032],[91.82498805300008,24.211236923000058],[91.825428,24.212685001000068],[91.82677776900005,24.213674491000063],[91.828584,24.213193001000036],[91.82924007500009,24.214472940000064],[91.83059700500007,24.21591900900006],[91.831462,24.216877001000057],[91.83152102100007,24.217854025000065],[91.833356,24.218263001000025],[91.83470900200007,24.218328991000078],[91.836017,24.218058],[91.83669999000006,24.218938266000066],[91.83775676600004,24.218719403000023],[91.838321,24.220039001000032],[91.83774617600005,24.220446671000047],[91.837535,24.221511],[91.837284,24.222375001000046],[91.83725700100007,24.223603001000072],[91.838103,24.224184],[91.83726247200008,24.22515892000007],[91.84062273400008,24.22650649600007],[91.84335026500008,24.223352082000076],[91.84548431300004,24.221392793000064],[91.84934067600005,24.22364548300004],[91.84812117000007,24.22155944700006],[91.84579013100006,24.217064133000065],[91.85207840400005,24.21671667000004],[91.85537365300007,24.21280579200004],[91.85247010100005,24.21321227100003],[91.85175364000008,24.207929111000055],[91.84946058600008,24.205932509000036],[91.84658684600004,24.20060750400006],[91.84303353300004,24.200541963000035],[91.84296472600005,24.19922566500003],[91.84446470200004,24.19747344500007],[91.84519500100004,24.195533],[91.84604656500005,24.19558254800006],[91.846116,24.193674],[91.84627900300006,24.19310600600005],[91.84666726100005,24.191908348000027],[91.847148,24.191350001000046],[91.847329,24.190696],[91.84930475500005,24.190391241000043],[91.850221,24.190997001000028],[91.851495,24.190653],[91.852838,24.189982001000033],[91.853543,24.187942],[91.85446398900007,24.187958998000056],[91.854877,24.18579100100004],[91.854103,24.184448001000078],[91.85361964400005,24.183676766000076],[91.854163,24.183699],[91.85584999700006,24.183035997000047],[91.85618272600004,24.18239989600005],[91.856306,24.181711],[91.85801907800004,24.181676931000027],[91.858501,24.181418],[91.85931638300008,24.181558709000058],[91.86067677400007,24.182993855000063],[91.86197802000004,24.18195202100003],[91.86364388100009,24.181384405000074],[91.86284704800005,24.18032492800006],[91.863828,24.180007],[91.864869,24.179284],[91.865937,24.177425001000074],[91.867116,24.176762001000043],[91.86815541000004,24.176583142000027],[91.86921596000008,24.17700803300005],[91.870319,24.175887001000035],[91.87254893500005,24.175206944000024],[91.87402314900004,24.173967920000052],[91.8737,24.172763001000078],[91.873777,24.17074],[91.87454698400006,24.169448027000044],[91.87490929500007,24.167783461000056],[91.87483200400004,24.16584700100003],[91.87465799600005,24.16357100700003],[91.87576,24.161517],[91.87644075400004,24.160264135000034],[91.876267,24.159439],[91.87694591000007,24.15857556900005],[91.87702101300005,24.15762304800006],[91.87603000300004,24.156449013000042],[91.87722700100005,24.154403],[91.87759200100004,24.153426],[91.878405,24.152419],[91.878267,24.151842001000034],[91.87883500100008,24.151233001000037],[91.87840247800005,24.150970479000023],[91.87848600400008,24.150192998000023],[91.87851548500004,24.14915583900006],[91.878626,24.14875],[91.878417,24.148372],[91.877858,24.147971],[91.87829581600005,24.14738890500007],[91.87906000600003,24.14710799900007],[91.878738,24.146493001000067],[91.87905999700007,24.146199009000043],[91.880082,24.14555],[91.880753,24.145934],[91.88174750900004,24.14493455400003],[91.88317078400007,24.143827405000025],[91.88460676000005,24.14000141100007],[91.88746104500007,24.13854915400003],[91.88960562300008,24.137745417000076],[91.89203943600006,24.137304063000045],[91.90017442600004,24.137801800000034],[91.90596490300004,24.139839325000025],[91.90561064600007,24.142544720000046],[91.90645546400003,24.14501662600003],[91.91082045100006,24.149479203000055],[91.91334794600004,24.151733594000063],[91.91329034200004,24.153876569000033],[91.91319650500003,24.15597608300004],[91.91424460000007,24.158092233000048],[91.91339322600004,24.159954008000057],[91.91462630000007,24.165347524000026],[91.91353732900006,24.167713907000064],[91.93029451600006,24.232838024000046],[91.92437553000008,24.322191235000048],[91.92294269800004,24.335879352000063],[91.92678122900008,24.338153987000055],[91.93201787500004,24.340610135000077],[91.93256707900008,24.341091293000034],[91.93473134600004,24.340198302000033],[91.93516457900006,24.34052876900006],[91.93620686000008,24.340974005000078],[91.93705400100004,24.34211024900003],[91.93811608800007,24.342808195000032],[91.93940643400003,24.34255015800005],[91.94003946000004,24.342998789000035],[91.94121902800003,24.342934246000027],[91.94165180000005,24.344039430000066],[91.94223050900007,24.34488755900003],[91.94252172700004,24.346331046000046],[91.94185209000005,24.34707955600004],[91.94235558900004,24.347561193000047],[91.94328327800008,24.348114930000065],[91.94281717500007,24.348586287000046],[91.94379010100005,24.348847782000064],[91.94483067500005,24.348827691000054],[91.94555787900003,24.348493406000046],[91.94615504700005,24.348984452000025],[91.94686786300008,24.349737299000026],[91.94681298500007,24.350293333000025],[91.94620994700006,24.351043149000077],[91.94764088900007,24.35113911600007],[91.94870555600005,24.350513695000075],[91.94965560200006,24.351254177000044],[91.95053472700005,24.351569316000052],[91.95103162200007,24.352161770000066],[91.95150325500003,24.35276722100008],[91.95277061800005,24.353431546000024],[91.95489074500006,24.354498385000056],[91.95592964600007,24.355354222000074],[91.96503051600007,24.351637985000025],[91.96854148100005,24.34557905300005],[91.97945022200008,24.328663835000043],[91.99054410100007,24.323270386000047],[91.99608891700007,24.32429799600004],[91.99530031300009,24.328130787000077],[91.99665457300006,24.33182283600007],[91.99731389900006,24.336494774000073],[91.99539987500003,24.33935137900005],[91.99163332300003,24.343526802000042],[91.98828851100006,24.346901283000022],[91.98727490600004,24.34820825500003],[91.98633119900006,24.34919811800006],[91.98559491300006,24.350241346000075],[91.98362618500005,24.35185775800005],[91.98218388100008,24.353971323000053],[91.98139102400006,24.355075385000077],[91.97932740100003,24.357095469000058],[91.97947161400003,24.359466162000047],[91.98009704100008,24.360064273000035],[91.98208926300003,24.359133469000028],[91.98459054200003,24.360373034000077],[91.98157742100005,24.36296690900008],[91.98028452300008,24.36529502700006],[91.97843310100006,24.367616858000076],[91.97749915300005,24.37208193500004],[91.97432084300004,24.370932590000052],[91.97042938700008,24.37517385800004],[91.96983568700006,24.37991639200004],[91.96939202000004,24.38401722800006],[91.98293176600004,24.378446075000056],[91.98598689800008,24.376655588000062],[91.98872684200006,24.378516826000066],[91.98938457700007,24.38341601600007],[91.98961781300005,24.388603312000043],[91.98942102700005,24.390140518000067],[91.99260316500005,24.38921409900007],[91.99428288000007,24.388203014000055],[91.99572014900008,24.391967183000077],[91.99729148100005,24.39305484500005],[91.99856054400004,24.392278807000025],[91.99973621100008,24.391398527000035],[92.00100482200008,24.389465698000038],[92.00452079500008,24.38832056900003],[92.00524098500006,24.386586575000024],[92.00489249500004,24.383897925000042],[92.00590594700003,24.38241735300005],[92.00666018500004,24.382113460000028],[92.00749131000003,24.381452876000026],[92.00894162400004,24.381703952000066],[92.01015276800007,24.381935491000036],[92.01077302900006,24.382916754000064],[92.01200964700007,24.38281456800007],[92.01331346100005,24.38355985000004],[92.01426695900005,24.383945238000024],[92.01528438700007,24.384177258000022],[92.01625265300004,24.384765198000025],[92.01764406700005,24.38488150300003],[92.01844851800007,24.385436282000057],[92.01965869100007,24.386365708000028],[92.02082760000008,24.386269905000063],[92.02354540300007,24.385752667000077],[92.02290039900004,24.384814567000035],[92.02157365800008,24.383970485000077],[92.02177833000007,24.383062582000036],[92.02348758300008,24.38340101500006],[92.02437079200007,24.38363144500005],[92.02496167500004,24.38294881300004],[92.02525375600004,24.382255763000046],[92.02625094900009,24.38224719300007],[92.02683783100008,24.38106417700004],[92.02732426300008,24.380496875000063],[92.02716675400006,24.37970927200007],[92.02791163200004,24.379695080000033],[92.02855389600006,24.380073872000025],[92.02943624600005,24.38003089800003],[92.03068780200005,24.379466966000052],[92.03100499000004,24.379603221000025],[92.03185983800006,24.379380715000025],[92.03250983100008,24.379165943000032],[92.03320366000008,24.379435990000047],[92.03339699300005,24.37893038200008],[92.03402312500003,24.37899397800004],[92.03446991600003,24.379458603000046],[92.03540985000006,24.379765819000056],[92.03556618700009,24.38013269700008],[92.03592299700006,24.37963230500003],[92.03668924100003,24.379129833000036],[92.03767023700004,24.378350331000036],[92.03836304100008,24.377117016000057],[92.03937174600009,24.376878291000025],[92.04139108600003,24.377312677000077],[92.04299329300005,24.37761180700005],[92.04328823200007,24.376051176000033],[92.04382975600004,24.375196618000075],[92.04512711800004,24.375592737000034],[92.04753562600007,24.37711227500006],[92.04884261900008,24.375471662000052],[92.08451967700006,24.37635626200006],[92.08613763100004,24.374325079000073],[92.08659801000005,24.373097114000075],[92.09059532400005,24.372206179000045],[92.09268360500005,24.372960592000027],[92.09727103300008,24.37252546800005],[92.09733490100007,24.374713024000073],[92.10012959800008,24.376092886000038],[92.10074636800005,24.380036652000058],[92.10150424800008,24.382493237000062],[92.10402592500003,24.381578276000027],[92.10570139100008,24.38217117100004],[92.10794553600005,24.381525794000027],[92.10955822800008,24.38026718200007],[92.11031285100006,24.380313392000062],[92.11213303000005,24.38103297200007],[92.11328146400007,24.38083903300003],[92.11362938600007,24.38181365300005],[92.11545767800004,24.38203124100005],[92.11613071200009,24.381264991000023],[92.11790482100008,24.380997424000043],[92.11844917500008,24.38133339600006],[92.11767603300007,24.38214959900006],[92.11929490000006,24.38169893500003],[92.12021070700007,24.38241529100003],[92.12094061900007,24.38247731100006],[92.12151444100004,24.382154227000058],[92.12164503200006,24.383677093000074],[92.12197663700005,24.384656299000028],[92.12276053900007,24.38505475000005],[92.12210696400007,24.385856838000052],[92.12178370900006,24.386763831000053],[92.12028810600003,24.38795721400004],[92.11997416600008,24.38877824900004],[92.11981534400007,24.389660983000056],[92.12058216900004,24.38977834800005],[92.11917451600004,24.390055421000056],[92.11960197400003,24.391163305000077],[92.11982433300005,24.39207052000006],[92.12169766300008,24.393289700000025],[92.12208038300008,24.394427956000072],[92.12295739400008,24.396128499000042],[92.12452162200003,24.396181756000033],[92.12653453000007,24.396993563000024],[92.12711320600005,24.39844166100005],[92.12684923900008,24.399982716000068],[92.12834561900007,24.40025911500004],[92.12723324700005,24.401567331000024],[92.12905952300008,24.40301031100006],[92.13018371300006,24.404178399000045],[92.13177541600004,24.406652465000036],[92.13195947100007,24.406323472000054],[92.13320816600003,24.406794646000037],[92.13411964800008,24.40722997900008],[92.13485228400003,24.407952671000032],[92.13487022400005,24.40915700200003],[92.13421386300007,24.409938949000036],[92.13289340800009,24.410745208000037],[92.13329128900006,24.411761866000063],[92.13338449900004,24.413786091000077],[92.13301712200007,24.41506007600003],[92.13341039000005,24.416718340000045],[92.13454266300005,24.418030876000046],[92.13574760300008,24.41928075900006],[92.13655743600003,24.42119015800006],[92.13610566900007,24.42289832700004],[92.13857902400008,24.425309666000032],[92.14140107300005,24.42366842900003],[92.14560954700005,24.42349223900004],[92.14775820800008,24.42113653000007],[92.14866019800007,24.422175736000042],[92.15058061500008,24.423258049000026],[92.15289517300005,24.42494481700004],[92.15534757700004,24.424280559000067],[92.15767672300007,24.422360025000046],[92.16037651200008,24.422158979000073],[92.16147374100007,24.42031059900006],[92.16355583500007,24.418724417000078],[92.16435787000006,24.419488799000078],[92.16587716500004,24.421672667000053],[92.166083,24.42273502000006],[92.16761647500005,24.425049754000042],[92.16928656300007,24.427995234000036],[92.16577102000008,24.428216646000067],[92.16572550200004,24.43406107000004],[92.16484645800006,24.43668300400003],[92.16294820800005,24.440923524000027],[92.16414416200007,24.445545002000074],[92.16133462500005,24.45036745500005],[92.16013032900008,24.455227558000047],[92.15828696800008,24.45952131200005],[92.15891794600003,24.462230917000056],[92.15916922400004,24.464035312000078],[92.15740472100003,24.466960529000062],[92.15527569500006,24.46560961600005],[92.15627403600007,24.46856098300003],[92.15868750300007,24.468263230000048],[92.15815679100007,24.469504371000028],[92.15467630700005,24.46974318900004],[92.15344803700003,24.472044794000055],[92.15604682500003,24.47297764500007],[92.15733438500007,24.47446505100004],[92.15478857000005,24.478361522000057],[92.15206778100008,24.483416659000056],[92.15371183800005,24.487376552000057],[92.15160127000007,24.48982045500003],[92.15194727400007,24.49421226100003],[92.15311994800004,24.500668911000048],[92.15474070100004,24.50309241100007],[92.15811035200005,24.508757984000056],[92.15430451100008,24.508664726000063],[92.15397991900005,24.51020874900007],[92.15443313700007,24.51372772700006],[92.15585241200006,24.514064156000074],[92.15545151300006,24.51630810900008],[92.15395725100007,24.518877554000028],[92.15763517100004,24.520537],[92.15613602400003,24.522641027000077],[92.15783999000007,24.52334413500006],[92.15826387100003,24.528323353000076],[92.16141257900006,24.52763795800007],[92.16493516800006,24.52928335100006],[92.16631971000004,24.531930311000053],[92.17210080800004,24.529838403000042],[92.17595417200005,24.523868261000075],[92.17997404200008,24.523288896000054],[92.18306488100006,24.522420028000056],[92.18688100400004,24.52114050600005],[92.19066126300004,24.517799525000044],[92.19394729100009,24.51505539900006],[92.19781737200003,24.510439356000063],[92.20082925800006,24.508659744000056],[92.20592775000006,24.506292936000023],[92.20979737600004,24.504430684000056],[92.21708758000005,24.510078553000028],[92.22017142300007,24.516445504000046],[92.22851955500005,24.528122178000046],[92.23301168700004,24.57229761800005],[92.23407997600003,24.574558370000034],[92.23463337200008,24.57688649800008],[92.23304328700004,24.579005882000047],[92.23382237700008,24.58342983400007],[92.23506183600006,24.588595573000077],[92.23626557000006,24.594481776000066],[92.23550535600003,24.597754302000055],[92.23745721400007,24.60182078100007],[92.23888306800006,24.606418330000054],[92.24123513300003,24.610443786000076],[92.24171159800005,24.614702918000035],[92.24400729400008,24.617247576000068],[92.24427412900008,24.620428013000037],[92.24358343200004,24.623928337000052],[92.24412774600006,24.62714386300007],[92.24623947600008,24.63200399300007],[92.24742233200004,24.636337050000066],[92.24903666300008,24.642220749000046],[92.24915306500009,24.64592901800006],[92.24817761800006,24.651393471000063],[92.24767344700007,24.65580327200007],[92.24919627600008,24.658519917000035],[92.25174462100006,24.660642558000063],[92.25389316300004,24.665475033000064],[92.25618485200005,24.670873777000054],[92.25501699000006,24.674365738000063],[92.25554731700004,24.67914638700006],[92.25936085800004,24.682024726000066],[92.25963783200007,24.68729492800003],[92.26324065400007,24.690465087000064],[92.26737862400006,24.69381548700005],[92.27021018300007,24.699924880000026],[92.27372385800004,24.704738960000043],[92.27505066600008,24.70895967000007],[92.27746032500005,24.711917667000023],[92.28080239700006,24.71514194300005],[92.28314792500004,24.718096553000066],[92.28507458800004,24.720825354000056],[92.28720316200008,24.72294544300007],[92.28867852600007,24.724796017000074],[92.29054103200008,24.727789408000035],[92.29158448400005,24.729856589000065],[92.29224824600004,24.73099061700003],[92.29316708600004,24.731520036000063],[92.29364707800005,24.732725059000074],[92.29469118500003,24.733449810000025],[92.29387594600007,24.734982048000063],[92.29530907700007,24.73594229500003],[92.28893600600009,24.73948088700007],[92.28125359600006,24.743669891000025],[92.27938973800008,24.74516110600007],[92.28030987400007,24.746556042000066],[92.28160164400003,24.750523826000062],[92.28775565600006,24.76375801200004],[92.28528269200007,24.77605605100007],[92.28708059200005,24.777726175000055],[92.28804136000008,24.77913432200006],[92.28829732200006,24.78254362800004],[92.28841821500004,24.78576430800007],[92.28868126600008,24.788048950000075],[92.28636234500004,24.789121084000044],[92.28449695100005,24.788937514000054],[92.28354767100006,24.789337113000045],[92.28108049000008,24.79044934600006],[92.27999377900005,24.793966581000063],[92.27891704000007,24.797234502000038],[92.27405216500006,24.802613767000025],[92.27610128600008,24.81049355400006],[92.27490835300006,24.813224345000037],[92.27499474600006,24.814994846000047],[92.27452680000005,24.819094562000032],[92.27336835400007,24.823441941000056],[92.26972742000004,24.829556581000077],[92.26163060900006,24.830464979000055],[92.25676772700007,24.831356749000065],[92.25208716300006,24.830752781000058],[92.25124843000003,24.83408490000005],[92.25468751600005,24.83857989100005],[92.24839560600003,24.83958691500004],[92.24257998600007,24.84118497700007],[92.24147597800004,24.845623741000054],[92.24005018300005,24.852493038000034],[92.23728411800005,24.858938015000035],[92.23603783600004,24.862762597000028],[92.23780443200008,24.868270952000046],[92.24376963900005,24.867635197000027],[92.24568674000005,24.869724605000044],[92.24550031600006,24.872143959000027],[92.24813814500004,24.88503581200007],[92.24134655300008,24.889461149000056],[92.23598917300006,24.895774887000073],[92.23776570600006,24.90371183600007],[92.28014209700007,24.905844209000065],[92.30664298800008,24.908677797000053],[92.32634564400007,24.896694395000054],[92.34505231000009,24.882334142000047],[92.35586855500009,24.878911652000056],[92.37233975400005,24.875275111000064],[92.38394040900005,24.85702274600004],[92.40226201000007,24.856243136000046],[92.44034953000005,24.858331099000054],[92.46877608000005,24.870727877000036],[92.48642409400009,24.87257303000007],[92.49797999300006,24.876450844000033],[92.49291862200005,24.879655264000064],[92.49263489600008,24.894739909000066],[92.49408429700009,24.90805279700004],[92.49472492800004,24.918368634000046],[92.48710659300008,24.922553356000037],[92.48481177600007,24.930307028000072],[92.48770188400005,24.942532752000034],[92.47691553900006,24.943580964000034],[92.46345728000006,24.94281718600007],[92.44896824300008,24.948449055000026],[92.46986865300005,24.961820482000064],[92.45106523600003,24.967942867000033],[92.42962895500006,24.966012936000027],[92.42248430800004,24.978847263000034],[92.41940087600005,24.99857695600008],[92.42375316600004,25.008915256000023],[92.42660106700004,25.02771229500007],[92.42026004900003,25.028611073000036],[92.41322591100004,25.029080962000023],[92.40667314300003,25.032106120000037],[92.39908292000007,25.033690703000048],[92.39275373800007,25.039967612000055],[92.38582603800006,25.040723598000056],[92.38378868500007,25.042531456000063],[92.38374689200003,25.040173563000053],[92.38281828500004,25.040439801000048],[92.38130667700005,25.040090572000054],[92.38098312300008,25.039880625000023],[92.37722581800006,25.042101583000033],[92.37425793000006,25.04262835000003],[92.37353152300005,25.043588466000074],[92.37269001200008,25.04245404900007],[92.36991474600006,25.042039783000064],[92.36898348700004,25.043967649000024],[92.36702485800004,25.047235571000044],[92.35998626600008,25.047055830000033],[92.35669347700008,25.05023605200006],[92.35378978700004,25.049265002000027],[92.34672701200003,25.048478423000063],[92.34240123500007,25.055105775000072],[92.34716407300004,25.06023698200005],[92.34701048500006,25.070799210000075],[92.34460472100005,25.074187100000074],[92.34022908500003,25.075836233000075],[92.33635239400007,25.077346136000074],[92.33425148600008,25.07813998900008],[92.32892089200004,25.077460030000054],[92.32249863600003,25.07832012600005],[92.32115939000005,25.077394033000076],[92.32013712800006,25.075561368000024],[92.31949661400006,25.07432852200003],[92.31821524200006,25.072645617000035],[92.31891628900007,25.071850336000068],[92.31900374400004,25.070715587000052],[92.31723532600006,25.07092614900006],[92.31488261500004,25.071658514000035],[92.30926694100003,25.07015459300004],[92.29567894600007,25.07434663600003],[92.28277669700003,25.077846204000025],[92.26818781500003,25.08286431500005],[92.25937701500004,25.08483588200005],[92.25156951700006,25.08740424800004],[92.23597353900004,25.094690963000062],[92.22968482600004,25.096101712000063],[92.22212449500006,25.098598794000054],[92.20723871700005,25.111436162000075],[92.21879001700006,25.114149343000065],[92.22748686100005,25.11662165200005],[92.22215576700006,25.116891322000072],[92.21466941600005,25.120120731000043],[92.19346592900007,25.132134434000022],[92.19019121800005,25.131188535000035],[92.18193575000004,25.119151069000054],[92.16352020000005,25.129229380000027],[92.16018591300008,25.13308954100006],[92.16174208600006,25.135693831000026],[92.15503316500008,25.133491350000043],[92.14242055500006,25.140777633000027],[92.13409067400005,25.142711509000037],[92.13544812800006,25.151175670000043],[92.14029455600007,25.15475576800003],[92.12376035600005,25.163189102000047],[92.08525845800006,25.180411518000028],[92.07557907300009,25.17943291000006],[92.05502074600008,25.186744975000067],[92.04926217400003,25.186915077000037],[92.04628102500004,25.186436224000033],[92.04051077200006,25.185944578000033],[92.03545570500006,25.183464301000072],[92.01554859400005,25.18693962900005],[92.00566965400003,25.186262846000034],[91.98211807700005,25.170846018000077],[91.96786612500006,25.175960866000025],[91.93223950500004,25.181482661000075],[91.89333094000006,25.17706921200005],[91.84416657000008,25.175415964000024],[91.80712042200008,25.170147824000026],[91.76807130700007,25.165988112000036],[91.74742737000008,25.164068385000064],[91.74638493500004,25.141890363000073],[91.73783148200005,25.142843010000036],[91.73265545700008,25.148047648000045],[91.71578781900007,25.152559905000032],[91.70952043800008,25.15888224500003],[91.70143081900005,25.15550926800006],[91.69781489100006,25.14603184400005],[91.69338328000003,25.139455996000038],[91.68155218500004,25.135767721000036],[91.66592560000004,25.136566939000033],[91.65108467200008,25.12728326100006],[91.63956886200003,25.123670503000028],[91.63284225800004,25.124425909000024],[91.62257607600009,25.12920705700003],[91.62133945100004,25.143563030000053],[91.61417637500006,25.14340783600005],[91.60974739700004,25.146069398000066],[91.60568643400006,25.14272554300004],[91.60022698700004,25.147008896000045],[91.60157631000004,25.15549691600006],[91.60181677100007,25.158727458000044],[91.59982136200006,25.160832207000055],[91.60351008700007,25.166586078000023],[91.61464442400006,25.16999201400006],[91.61036373400003,25.176236741000025],[91.60658008500008,25.173883987000067],[91.59068575100008,25.173812773000066],[91.57491414900005,25.16884122700003],[91.57062092000007,25.16460624700005],[91.57266391500008,25.16220489400007],[91.56986534200007,25.161599094000053],[91.56181648600005,25.15897086600006],[91.54600940900008,25.14816583000004],[91.51938475100008,25.14680149700007],[91.50069568400005,25.142756090000034],[91.48805480000004,25.135574080000026],[91.46434267100005,25.136152381000045],[91.46720423700003,25.14614328300007],[91.45861218400006,25.149142469000026],[91.43463459500003,25.155742647000068],[91.42286352900004,25.161005072000023],[91.40471125300007,25.165995286000054],[91.37049442400007,25.17042781300006],[91.35984936600005,25.177135930000077],[91.34908154600004,25.175202526000078],[91.33412183400009,25.17691019700004],[91.32278230100007,25.18184902300004],[91.30674811700004,25.183219446000066],[91.28694716000007,25.186507326000026],[91.29149714700009,25.19179930400003],[91.28152559300008,25.19679207200005],[91.25962934500006,25.201261054000042],[91.22750405000005,25.198270122000054],[91.19264159600004,25.201473669000052],[91.16358613000006,25.196879986000056],[91.14067604900004,25.196414274000063],[91.09189774600009,25.196934242000054],[91.06945401200005,25.192359939000028],[91.06039676300009,25.191688486000032],[91.04886251700003,25.190002771000024],[91.03948567400005,25.187565149000022],[91.02116002200006,25.186921678000033],[91.00763884200006,25.18114042900004],[90.99209580700006,25.178159795000056],[90.97547983500004,25.174290590000055],[90.96286396000005,25.17192822800007],[90.94806809200009,25.17110664300003],[90.92932990300005,25.163813125000047],[90.91313602000008,25.162666927000032],[90.90195007200003,25.162947880000047],[90.89173655500008,25.165956642000026],[90.87338703600005,25.162755703000073],[90.86172326000008,25.15769210900004],[90.84553837200008,25.15824247200004],[90.84202480000005,25.16411209200004],[90.83684503100005,25.161369921000073],[90.82242548500005,25.163079897000046],[90.81889244400008,25.164565684000024],[90.81846536100005,25.166511468000067],[90.81406680200007,25.167585143000053],[90.81518313500004,25.164930628000036],[90.81432185300008,25.163877563000028],[90.80866546600004,25.165250504000028],[90.80444663400004,25.169179473000042],[90.80547854600007,25.17246399100003],[90.80282621600008,25.172975963000056],[90.79698495200006,25.17610906300007],[90.79475852700006,25.180700158000036],[90.79234673200006,25.180431413000065],[90.78478896500008,25.179255832000024],[90.78181886700008,25.18280582400007],[90.77525699700004,25.181988114000035],[90.76287135400008,25.177885591000063],[90.76127297800008,25.170449932000054],[90.75457998600007,25.16883348400006],[90.74168959200006,25.170268625000062],[90.73308312500006,25.16206687700003],[90.73616166000005,25.15772471300005],[90.72761363400008,25.157649733000028],[90.72629999400004,25.159481544000073],[90.72588053100009,25.16206459600005],[90.72381827400005,25.16392331700007],[90.71609219800007,25.16716036300005],[90.70148765600004,25.163619977000053],[90.69757915500008,25.157218029000035],[90.68587057600007,25.165504596000062],[90.68040533500005,25.16875768600005],[90.68641883500004,25.174614607000024],[90.67664658500007,25.172915226000043],[90.67639403500004,25.175979462000043],[90.67193695100008,25.173841321000054],[90.67225053800007,25.170797323000045],[90.67081565700005,25.169063185000027],[90.66855260400007,25.166099700000075],[90.66591051100005,25.16673187200007],[90.66567538600003,25.17005858400006],[90.66427827800004,25.172785496000074],[90.66451831800003,25.17689477700003],[90.66518195200007,25.181432956000037],[90.66300382000009,25.186401577000026],[90.66151486800004,25.192578455000046],[90.65620176400006,25.187712014000056],[90.65478275600003,25.191345042000023],[90.65119513900004,25.19423941100007],[90.64541156000007,25.182036120000078],[90.63983870900006,25.182643492000068],[90.63263305300006,25.174262643000077],[90.62509390700006,25.174223910000023],[90.61639156600006,25.17640258600005],[90.61314862800003,25.17477726800007],[90.60840889200006,25.177939370000047],[90.60235566100005,25.175082125000074],[90.59216665200006,25.176018574000068],[90.58467149600006,25.173940517000062],[90.58321881200004,25.17336665600004],[90.58190266000008,25.173843917000056],[90.57683084400009,25.172501058000023],[90.55117374700006,25.17525738300003],[90.53480923100005,25.173991641000043],[90.51074825000006,25.17512821100007],[90.50914437500006,25.17536112500005],[90.50070510800003,25.171790052000063],[90.49575444900006,25.16715488500006],[90.48956697400007,25.164671670000075],[90.48191878200004,25.160073762000025],[90.46289699700009,25.154290356000047],[90.41723302900004,25.14975208900006],[90.36529830700005,25.167314598000075],[90.30261309600007,25.19066668100004],[90.26381424000004,25.19606098500003],[90.24518798200006,25.20234750700007],[90.23232667700006,25.204558948000056],[90.21857919700005,25.206152693000035],[90.16367898400006,25.223154300000033],[90.09229313900005,25.238269177000063],[90.03138341900006,25.264483046000066],[89.97440249800007,25.298827952000067],[89.93396056900008,25.300698555000054],[89.90166648100006,25.304874557000062],[89.89935830700006,25.304609408000033],[89.89719154800008,25.30192816700003],[89.89481669700007,25.29882501700007],[89.89201805400006,25.295029575000058],[89.86542457600007,25.287791551000055],[89.83312585700008,25.295299533000048],[89.84106518700008,25.316565627000045],[89.83198018700006,25.333646627000064],[89.82670712400005,25.346917619000067],[89.82093474600003,25.36039659900007],[89.81982959600003,25.38184013800003],[89.82588890300008,25.397637643000053],[89.82834241900008,25.42186880400004],[89.83496539400005,25.442978080000046],[89.84241018700004,25.455800628000077],[89.85196918700007,25.465881628000034],[89.85171047000006,25.46848076300006],[89.84941995300005,25.476712650000024],[89.84991726400006,25.484819593000054],[89.84896418700004,25.489465627000072],[89.85291218700007,25.494895627000062],[89.85362018700005,25.502451627000028],[89.85893118700005,25.51103862700006],[89.85818185700003,25.52217781400003],[89.85196018700003,25.53716762700003],[89.85691418700009,25.540924628000027],[89.86446418400004,25.544487631000038],[89.86643618700003,25.557052628000065],[89.86892146600007,25.566163604000053],[89.87312311300008,25.57152150400003],[89.87488095900005,25.579204892000064],[89.87320418700006,25.58749362800006],[89.87492318700004,25.59390062700004],[89.88030692900008,25.607934235000073],[89.88016553500006,25.635536418000072],[89.87005380400007,25.66339252100005],[89.85263572700006,25.685581144000025],[89.84897441400005,25.700125508000042],[89.85182782300006,25.708506795000062],[89.83582769200007,25.715583537000043],[89.82715085400008,25.740881561000037],[89.84084272300004,25.75900655500004],[89.83803240000003,25.77629262100004],[89.83093026100005,25.791796345000023],[89.82871128100004,25.803374380000037],[89.83459396100005,25.840761017000034],[89.83990583900004,25.879041517000076],[89.85513614100006,25.89841869600008],[89.87843675700003,25.925445667000076],[89.87306654900004,25.946395642000027],[89.84255186900003,25.940213162000077],[89.82563601200007,25.95179061400006],[89.84642329600007,25.956570149000072],[89.84147052900005,25.969968042000062],[89.85800646300004,25.969085458000052],[89.87327872100008,25.975948335000055],[89.87077276600007,25.981423994000068],[89.86639825600008,25.981611119000036],[89.85091302900008,25.98955124500003],[89.84726062500005,25.99863259800003],[89.83278815800008,26.010114273000056],[89.835588,25.982413],[89.82376732500006,25.985085389000062],[89.81770065900008,25.990493233000052],[89.81523753200008,25.996252175000052],[89.81841299900003,25.995987995000064],[89.82030097000006,26.000285056000052],[89.82024300100005,26.00728200100008],[89.82033522000006,26.012885184000027],[89.81533200500007,26.019583001000058],[89.81800037000005,26.02465036500007],[89.81387844100004,26.031565570000055],[89.80558639400004,26.04461383100005],[89.80252128000006,26.03330939500006],[89.79414466400004,26.02072845200007],[89.78758860400006,26.020644123000068],[89.79311011400006,26.024674419000064],[89.79916143900004,26.035222154000053],[89.79494196700006,26.042573376000064],[89.79175143700007,26.034260059000076],[89.78724556500003,26.040464540000073],[89.77394832500005,26.039032692000035],[89.78453079500008,26.047693433000063],[89.78662767600008,26.051230488000044],[89.78697836600008,26.056801951000068],[89.79588554100008,26.05874250900007],[89.79856626400004,26.061049938000053],[89.79838767400008,26.06373800500006],[89.79576197600005,26.065535838000073],[89.79695025000007,26.069592382000053],[89.79642122400008,26.076318770000057],[89.79109330100005,26.07802630200007],[89.78863883700006,26.08871841200005],[89.78277832900005,26.09133382600004],[89.78248103900006,26.100368642000035],[89.78447317600006,26.104911350000066],[89.77754420900004,26.10769048000003],[89.76805266400004,26.10831117400005],[89.75631088900008,26.10913536000004],[89.76010257700005,26.118347709000034],[89.76466707000003,26.133837463000077],[89.75561317900008,26.141547588000037],[89.74762846700008,26.157408264000026],[89.73193500400004,26.158366391000072],[89.72031392600007,26.160373852000077],[89.71697777600008,26.16718927900007],[89.71063133900003,26.16352973200003],[89.70103912900004,26.153951818000053],[89.68310089900007,26.16238736200006],[89.68555244700008,26.170126286000027],[89.69936261600003,26.173987685000043],[89.68247605600004,26.19186643300003],[89.68304010200006,26.19934697900004],[89.67350713600007,26.201406388000066],[89.67572709500007,26.208521270000062],[89.68568188500006,26.206545775000052],[89.69161694700006,26.212485220000076],[89.68381586300006,26.208579495000038],[89.67902081100004,26.217123177000076],[89.68229337800005,26.220993918000033],[89.68912125900005,26.222515572000077],[89.68362945900003,26.223815224000077],[89.68650618000004,26.229434954000055],[89.68149936600008,26.228450317000068],[89.67925021200006,26.23830765400004],[89.67619054300008,26.232936063000068],[89.67223848200007,26.228318702000024],[89.67157432500005,26.222412683000073],[89.66478611300005,26.22120542600004],[89.65700397300003,26.219334564000064],[89.64575738300005,26.22559613100003],[89.63822941000006,26.228716831000042],[89.63526633900005,26.222859604000064],[89.63581325800004,26.216769189000047],[89.63870817900005,26.203585291000024],[89.64223523200008,26.197094296000046],[89.64947465200004,26.19141890700007],[89.64558714100008,26.188610200000028],[89.64357356100004,26.185129714000027],[89.63790467100006,26.18866857300003],[89.63392785500008,26.195300403000033],[89.62750359000006,26.18746161100006],[89.63224958900008,26.181840769000075],[89.63761851100008,26.179012827000065],[89.64695892000003,26.18160024900004],[89.65478100800004,26.181508290000068],[89.65797105500008,26.17601529500007],[89.65352341000005,26.17001098000003],[89.65020961100004,26.17002671800003],[89.64924749200009,26.164534541000023],[89.63872967100008,26.166973793000068],[89.63540541600008,26.172067815000048],[89.63511947000006,26.175374014000056],[89.63259360200004,26.179557072000023],[89.62682341400006,26.17734482800006],[89.62154297300003,26.17202524100003],[89.62314941700004,26.177650158000063],[89.61232216100007,26.178065553000067],[89.60860056700005,26.179985470000076],[89.60896460700008,26.176393416000053],[89.61510396300008,26.172663603000046],[89.61149354800006,26.17089431000005],[89.61880803700006,26.168169720000037],[89.61384549900004,26.164176937000036],[89.60929523700008,26.15922342400006],[89.61139666700007,26.157887823000067],[89.60705624700006,26.15401381500004],[89.60529922600006,26.15915989800004],[89.60409499900004,26.156398997000053],[89.60008240100007,26.160789891000036],[89.593592,26.158813001000055],[89.594009,26.156249],[89.597802,26.151553001000025],[89.59792500100008,26.147889001000067],[89.59598799600008,26.13968499400005],[89.59753623900008,26.13415750100006],[89.60377911100005,26.128345298000056],[89.60664847100009,26.12276102800007],[89.60316449000004,26.12356387400007],[89.60354496100007,26.118463904000066],[89.608468,26.12007600100003],[89.61234292900008,26.127949990000047],[89.615432,26.123658],[89.62135199700003,26.121211002000052],[89.62311471400005,26.127115804000027],[89.626002,26.12865],[89.62806100700004,26.12656194400006],[89.629246,26.122],[89.62575199800006,26.11325200300007],[89.61725113300008,26.107317133000038],[89.60979000100008,26.108597004000046],[89.60432999700004,26.108178],[89.60038140900008,26.113204712000027],[89.59929930100003,26.107822690000035],[89.600639,26.106903],[89.59625970700006,26.104219254000043],[89.595581,26.099933001000068],[89.6029,26.095474],[89.60773154000003,26.08884548800006],[89.60870577200006,26.093867913000054],[89.615039,26.094517],[89.61333098900008,26.10100703100005],[89.61896700100004,26.10226],[89.62345800100007,26.105103936000035],[89.62977500300008,26.107281003000026],[89.634928,26.10027],[89.632534,26.097582],[89.63510172100007,26.09293791500005],[89.63851871700007,26.089691768000023],[89.636222,26.086044],[89.63435600500009,26.07972400400007],[89.639971,26.074169],[89.64791907500006,26.069036938000067],[89.650004,26.062384],[89.644697,26.06315500100004],[89.636755,26.06121],[89.63085624800004,26.062966249000056],[89.62629796000004,26.057593045000033],[89.61989596900008,26.053531831000043],[89.61786,26.05899],[89.611329,26.059672],[89.60876100400003,26.064676003000045],[89.604869,26.061077],[89.61050300100004,26.057933],[89.61213907900003,26.051978439000038],[89.60161734400003,26.04650724100003],[89.59239296400006,26.043498474000046],[89.59732272700006,26.038815965000026],[89.59399312600004,26.035634498000036],[89.59031045600005,26.037298013000054],[89.58715787000006,26.03692202700006],[89.58339406400006,26.029915983000024],[89.58259124300008,26.024584611000023],[89.57841843600005,26.02126637400005],[89.58050990600003,26.01488173300004],[89.57900550900007,26.008096484000077],[89.58119472400006,26.003776298000048],[89.58408036400004,25.99878846100006],[89.58514708700005,25.992091327000026],[89.58519013000006,25.983819331000063],[89.58578898100006,25.979193033000058],[89.58401014900005,25.976507681000044],[89.57686590400004,25.978339290000065],[89.57304419100006,25.978153236000026],[89.57647908000007,25.976336075000063],[89.57624179900006,25.968546410000044],[89.56722490500005,25.970819568000024],[89.56418382500004,25.97930573800005],[89.56319914500006,25.972664501000054],[89.55745145700007,25.968945231000077],[89.54755893500004,25.96800344600007],[89.53821132200005,25.97515314900005],[89.54130783900007,25.982991738000067],[89.53563617700007,25.988913860000025],[89.53766545900004,25.994315148000055],[89.54576716100007,25.998042183000052],[89.54485122000006,26.001111652000077],[89.54015793400004,26.005952550000075],[89.53608428900009,26.005017012000053],[89.53838419200008,26.002690873000063],[89.53453771500006,26.00381526600006],[89.52879906900006,26.00629569700004],[89.52139501200008,26.006509829000038],[89.51122816600008,26.004297133000023],[89.49937363600009,26.00295714500004],[89.49173189700008,26.005773829000077],[89.48761024500004,26.000991345000045],[89.47811990500009,25.997371057000066],[89.45856238300007,26.000366606000057],[89.44843755000005,26.00736849200007],[89.42992706300004,26.01168887600005],[89.42710517100005,26.01573454100003],[89.42735262800005,26.019508724000048],[89.43263079300004,26.03724863700006],[89.42471053100007,26.046347834000073],[89.42114741200004,26.04360855300007],[89.40740650000004,26.041593353000053],[89.40794425500007,26.03914512600005],[89.40756433300004,26.036116487000072],[89.40509140500006,26.033508984000036],[89.40528384600003,26.03044527700007],[89.39994848600008,26.02629156200004],[89.39077247200004,26.02303584200007],[89.39376475200004,26.013812880000046],[89.39315923800007,26.006505068000024],[89.38942692400008,26.008180509000056],[89.38629749900008,26.01032882100003],[89.37919079500006,26.01069049800003],[89.37670747400006,26.00986663200007],[89.37548995400005,26.00989810300007],[89.37376650400006,26.01202237600006],[89.37206103800008,26.01017762300006],[89.36777899100008,26.010156908000056],[89.36333843200003,26.008323406000045],[89.35909633200004,26.00739365900006],[89.35497538600004,26.008283595000023],[89.35306050000008,26.011472581000078],[89.35054589200007,26.011445094000067],[89.34775218700008,26.012174626000046],[89.34420018700007,26.013179627000056],[89.34717524300004,26.014065698000024],[89.34892248700004,26.014598807000027],[89.34886527400005,26.016353647000074],[89.34665177600004,26.016311779000034],[89.34471405800008,26.01520752400006],[89.34348031400003,26.016241396000055],[89.34353497900008,26.015825798000037],[89.34090064700007,26.015363491000073],[89.34054853800006,26.016672337000045],[89.33932050900006,26.017892713000037],[89.33859190100009,26.018695665000052],[89.33716107900005,26.019429957000057],[89.33839169500004,26.020440053000073],[89.33735513300007,26.021418416000074],[89.33635409900006,26.02115835500007],[89.33439321400004,26.020299073000047],[89.33559635500006,26.022732346000055],[89.33901781300005,26.02316735100004],[89.33682718700004,26.026835627000025],[89.33487418700008,26.025665627000024],[89.33383073700008,26.027262311000072],[89.33306418700005,26.027567628000043],[89.33140218700004,26.029751628000042],[89.32967982500008,26.02784108900005],[89.32988918700005,26.030377628000053],[89.32748518700004,26.02977162800005],[89.32884518900005,26.03078961800003],[89.32635318700005,26.031930626000076],[89.32804018800005,26.03308162700006],[89.32583618700005,26.03470562800004],[89.32389317500008,26.03688962500007],[89.32355518800006,26.03811662800007],[89.32142318700005,26.03836562600003],[89.31959518700006,26.03962862700007],[89.31886018700004,26.038233628000057],[89.31518718700005,26.037032623000073],[89.31719972400003,26.037983307000047],[89.31626718700005,26.03947462600007],[89.31380763400006,26.039692228000035],[89.31038219600003,26.041435628000045],[89.30907718700007,26.04284162700003],[89.30770818700006,26.04523462800006],[89.30591680500004,26.044622661000062],[89.30576245900005,26.046537708000074],[89.30454990500004,26.045920290000026],[89.30477611400005,26.047447827000042],[89.30106968900003,26.047564135000073],[89.29825969600006,26.050195388000077],[89.29726559800008,26.04788781900004],[89.29175205000007,26.04608563800008],[89.27575709500007,26.04972297200004],[89.28018996200007,26.05779866200004],[89.28235175700007,26.064171352000074],[89.27992818300004,26.065785624000057],[89.27815318700004,26.066204627000047],[89.27656719000004,26.06508662400006],[89.27566618700007,26.063334628000064],[89.27461946200003,26.06189807900006],[89.27310248300006,26.061980540000036],[89.27013801000004,26.061774093000054],[89.26951318700009,26.059649628000045],[89.26750418700004,26.060693626000045],[89.26533020600004,26.061094747000027],[89.26377369700003,26.062440812000034],[89.25940775100008,26.06241659600005],[89.25760302900005,26.06362092100005],[89.25441926100007,26.067061246000037],[89.25537734800008,26.075497537000047],[89.25827655100005,26.080641488000026],[89.26166959800008,26.086010762000058],[89.26612431300003,26.092272905000073],[89.26523869700009,26.093344143000024],[89.26171414500004,26.09395569800006],[89.25961146600008,26.091653308000048],[89.25874263000009,26.092999554000073],[89.25640549600007,26.09190717900003],[89.25553031400005,26.093694922000054],[89.25283739700006,26.09171298600006],[89.25139873700005,26.092728733000058],[89.25036601100004,26.094318646000033],[89.25204567600008,26.09779443700006],[89.25150650500007,26.101103942000066],[89.24911953000003,26.101305238000066],[89.24815849600003,26.103044014000034],[89.24537075700005,26.106653967000057],[89.24409636500008,26.10598172600004],[89.24102115600004,26.10708357900006],[89.24063341100003,26.10800146200006],[89.24128713600004,26.11033414800005],[89.23888077500004,26.111916912000027],[89.24201199800007,26.113232195000023],[89.23920000500004,26.11374210100007],[89.23819759600008,26.114158299000053],[89.23617216500008,26.113592564000044],[89.23281136900005,26.11379541100007],[89.23176268700007,26.11637728900007],[89.22911615200007,26.11660011300006],[89.23068019300007,26.118684594000058],[89.22883018700009,26.120205627000075],[89.22944410400004,26.120811784000068],[89.22930525200007,26.12302134400005],[89.22901418700008,26.12404662700004],[89.22793870900006,26.123482926000065],[89.22689918700007,26.121887627000035],[89.22662618700008,26.123244628000066],[89.22576518700004,26.12404662700004],[89.22488818700003,26.12397562600006],[89.22319218700005,26.124513628000045],[89.22337318700005,26.125773627000058],[89.22096466200009,26.12578515900003],[89.22001370400005,26.124640809000027],[89.21896193000003,26.125769829000035],[89.21647826100008,26.12642227200007],[89.21416018700006,26.12538262700008],[89.21347718700008,26.125265627000033],[89.21226022600007,26.124885497000037],[89.21123383900004,26.123896423000076],[89.21101918700003,26.125309628000025],[89.20996818000003,26.126195623000058],[89.20995018700006,26.12736662700007],[89.20915818800006,26.127146628000048],[89.20774918700005,26.126873628000055],[89.20706344400008,26.126992743000073],[89.20425558700003,26.12850165900005],[89.20244952300004,26.129249884000046],[89.20086552900005,26.12889053600003],[89.19832208800005,26.126079606000076],[89.19505526500006,26.12728308100003],[89.19519155200004,26.12544702200006],[89.19218732100006,26.12530725700003],[89.19007347200005,26.126777649000076],[89.18510996100008,26.126752347000036],[89.18397943200006,26.128830803000028],[89.18176652200003,26.129278835000036],[89.18033600800004,26.128460044000064],[89.17897818700004,26.12870662800003],[89.17892237600006,26.13013730700004],[89.17734816100005,26.130400654000027],[89.17568218700006,26.131872627000064],[89.17534918700005,26.13105362700003],[89.17376518700007,26.131248627000048],[89.17190218700006,26.130497628000057],[89.17034918700006,26.13024862700007],[89.17000134900007,26.131245860000035],[89.16846556300004,26.131081074000065],[89.16791018700007,26.13078262600004],[89.16617818700007,26.130438628000036],[89.16683118700007,26.131979628000067],[89.16587444100008,26.132307653000055],[89.16401218800007,26.131786628000043],[89.16404918000006,26.133460932000048],[89.16340519200008,26.132870627000045],[89.16169918700007,26.13336362800004],[89.16251818700005,26.135344626000062],[89.16103018700005,26.135136628000055],[89.15986318700004,26.13561562700005],[89.16127418700006,26.13664762700006],[89.16034714100005,26.137058565000075],[89.15935759500007,26.137830174000044],[89.16022918800007,26.13781462700007],[89.16022830600008,26.138798654000027],[89.15963118700006,26.139485628000045],[89.15876218700004,26.138884628000028],[89.15772620300004,26.13957142000004],[89.15682184500008,26.139431389000038],[89.15584818700006,26.13878962700005],[89.15527230400005,26.138632510000036],[89.15502418700004,26.139922627000033],[89.15489518700008,26.140750628000035],[89.15455618700008,26.14203262700005],[89.15365716200006,26.14327712200003],[89.15379114800004,26.14476976000003],[89.15169332700003,26.146439790000045],[89.15267649000003,26.14867347300003],[89.15138773600006,26.149670680000042],[89.14993685400003,26.153108382000028],[89.14910148700005,26.15637176100006],[89.15494555400005,26.163520470000037],[89.15031637000004,26.168964089000042],[89.14025598200004,26.17151591800007],[89.13835249300007,26.175805010000033],[89.13623058700006,26.179971030000047],[89.13612852600005,26.18761889600006],[89.13909320700003,26.193938763000062],[89.14240885800007,26.200046203000056],[89.14769519400005,26.20614478500005],[89.14888747900005,26.207202435000056],[89.14842029600004,26.208878006000077],[89.14851966100008,26.210104166000065],[89.14677209800004,26.211546627000075],[89.14568075500006,26.21154699300007],[89.14464272800006,26.21262695400003],[89.14210455100005,26.220128284000054],[89.14065804700004,26.227465748000043],[89.14091092000007,26.23441477700004],[89.13867108800008,26.23781222200006],[89.13569448200008,26.239606206000076],[89.13184528000005,26.24045784900005],[89.13181962000004,26.246960700000045],[89.12067024800007,26.252247875000023],[89.12387183700008,26.26001154100004],[89.12093030900007,26.26639927000008],[89.11153957700003,26.27265623900007],[89.10771857600008,26.275566319000063],[89.10600486200008,26.28115467600003],[89.10110830400004,26.280711736000057],[89.10235190900005,26.28519168500003],[89.10569484200005,26.29174402500007],[89.10404144700004,26.29821062900004],[89.10282780400007,26.301918174000036],[89.10110983500005,26.306398798000032],[89.10466137300006,26.314429996000058],[89.11193688600008,26.304674615000067],[89.11509156100004,26.296981627000036],[89.11776309600003,26.291303241000037],[89.11863605800005,26.287851384000078],[89.12325543200006,26.286768893000044],[89.12542388200006,26.289487945000076],[89.12549456800008,26.294564410000078],[89.13121823400007,26.297869674000026],[89.12733800900008,26.30225692600004],[89.13052029300007,26.304392895000035],[89.12643848600004,26.305929762000062],[89.13594360500008,26.30749404900007],[89.12952790300005,26.31255823400005],[89.13518364500004,26.32038196700006],[89.12823704600004,26.319299664000027],[89.12715486300004,26.320536342000025],[89.12268735200007,26.32154650800004],[89.11519250300006,26.31868058500004],[89.11051798400007,26.32455612800004],[89.10605666300006,26.326228349000075],[89.09841398500004,26.325210629000026],[89.09679100300008,26.327664148000054],[89.09183302000008,26.320232084000054],[89.08435267800007,26.322203045000037],[89.08598285800008,26.32434791700007],[89.09151170700005,26.327893164000045],[89.09545390700004,26.330399406000026],[89.09963508300007,26.33628619500007],[89.09874663100004,26.34189533500006],[89.09743095700009,26.349578275000056],[89.09632217300003,26.356601887000068],[89.09256206400005,26.360509918000048],[89.08396094200003,26.363360345000046],[89.08181220300008,26.36657486000007],[89.08903077100007,26.367965940000033],[89.08894237600003,26.37583404000003],[89.09159315600004,26.38359652500003],[89.09387284700006,26.389715473000024],[89.09493382700003,26.391821291000042],[89.09308889800008,26.392939244000047],[89.08756075700006,26.392145947000074],[89.08014735500007,26.389977920000035],[89.08182586400005,26.392561701000034],[89.08772760100004,26.397003167000037],[89.08157912800004,26.397218244000044],[89.07409200300003,26.391237941000043],[89.07016078500004,26.39826031000007],[89.06530820700004,26.39944646300006],[89.06261627500004,26.397500239000067],[89.05904007100008,26.398991779000028],[89.05565134700004,26.396182442000054],[89.04786341300007,26.39964916300005],[89.03999857300005,26.40044007000006],[89.03417317700007,26.399183984000047],[89.03006610200003,26.404541963000042],[89.02482882600003,26.40763389700004],[89.01932089400003,26.404264649000027],[89.02313342200006,26.41091629700003],[89.01869661300003,26.414502620000064],[89.01023246700004,26.413011089000065],[89.00489938900006,26.418769363000024],[88.99663018900009,26.420602589000055],[88.99544859400004,26.417163295000023],[88.99643135300005,26.412836104000064],[88.99227936100004,26.417499390000046],[88.98069147800004,26.425384371000064],[88.97978671300007,26.432558994000033],[88.98323397600007,26.441577350000045],[88.98248896600006,26.44406110400007],[88.97767671600008,26.44928771600007],[88.97525038200007,26.44848524300005],[88.96850292100004,26.451530542000057],[88.96243698000006,26.45699092700005],[88.95646386700008,26.459473933000027],[88.95974021300003,26.45347368800003],[88.96336976500004,26.450499910000076],[88.95184834700007,26.450516789000062],[88.94698976800004,26.44459525600007],[88.94908082500007,26.44258036900004],[88.95037698200008,26.435854686000027],[88.94507618300008,26.430580357000053],[88.94440282100004,26.426592240000048],[88.93686648000005,26.42913719200004],[88.92720078600007,26.432147203000056],[88.93154722700007,26.425201250000043],[88.92499539600004,26.419256374000042],[88.92818551700003,26.409778825000046],[88.91947754600005,26.407522167000025],[88.91209707500008,26.40871664100007],[88.90517651800008,26.405750958000056],[88.91579513800008,26.40333618300008],[88.91828140500007,26.397905947000027],[88.91726012900006,26.390183809000064],[88.91411871100007,26.384066690000054],[88.91240086700003,26.379502052000078],[88.91955925000008,26.37619991500003],[88.91093649000004,26.37121423600007],[88.91294019000009,26.368186984000033],[88.91567898200003,26.365753355000038],[88.92141615600008,26.36209784400006],[88.92119237600008,26.360598879000065],[88.92652357000009,26.364582659000064],[88.93066631600004,26.360731392000048],[88.93600712700004,26.35797467200007],[88.94218946600006,26.357375243000035],[88.94736529700003,26.358148910000068],[88.94904962000004,26.363712431000067],[88.95364818100006,26.364944102000038],[88.95676945800005,26.361256127000047],[88.95279946500006,26.355561074000036],[88.94933950100005,26.34959440500006],[88.94748998300008,26.344154530000026],[88.95866591500004,26.34368284100003],[88.95336755600005,26.34256117900003],[88.95236070100003,26.337111024000023],[88.95403379500004,26.332256716000074],[88.95938825600007,26.335484417000032],[88.96218099500004,26.342711216000055],[88.96179087500008,26.35245847400006],[88.96763690900008,26.35129351200004],[88.97323205100008,26.35124319700003],[88.97731668200004,26.348288815000046],[88.98218633800008,26.34774244700003],[88.98616683700004,26.349243100000024],[88.98654056200007,26.34588950500006],[88.98960554700005,26.339788415000044],[88.98662242500006,26.339594227000077],[88.98266505000004,26.339376686000037],[88.98536689500008,26.33379360600003],[88.99046666400005,26.335454326000047],[88.99386483000006,26.332330029000047],[88.99904013900004,26.330783008000026],[88.99926568100005,26.32497371100004],[88.99513966900008,26.321464758000047],[88.99186025400007,26.320570772000053],[88.99634833600004,26.313715084000023],[88.98912033000005,26.315702302000034],[88.98710366300008,26.317463669000063],[88.98558804900006,26.31586840800003],[88.98349242300009,26.305877945000077],[88.98789903300008,26.30017773000003],[88.99518597300005,26.297902142000055],[88.99488032100004,26.29462096800006],[88.99664997500008,26.29132207300006],[89.00468942400005,26.298022192000076],[89.00428512000008,26.303898813000046],[89.00662708400006,26.30468975100007],[89.00847597600006,26.301749548000032],[89.01176699100006,26.29856551000006],[89.01352070800004,26.29383398500005],[89.01809615000008,26.289671673000043],[89.01790051100005,26.296754304000046],[89.01492778100004,26.299447530000066],[89.01665762700009,26.303609949000077],[89.01975563600007,26.305831992000037],[89.02170434300007,26.30803737800005],[89.02613819200008,26.304165474000058],[89.02327073900005,26.30054449200003],[89.02142890300007,26.291717082000048],[89.02336552700007,26.288189999000053],[89.02856301200006,26.283601288000057],[89.03575576200006,26.283211210000047],[89.04066147400005,26.284310566000045],[89.03974839600005,26.281295374000024],[89.04407558700007,26.275530192000076],[89.04781202100008,26.281877678000058],[89.04940136100004,26.289085508000028],[89.04703903100005,26.283622785000034],[89.04593299500004,26.28889339600005],[89.04330818900007,26.291168626000058],[89.05054924100006,26.295839631000035],[89.05722014300005,26.29425131100004],[89.06106066300003,26.29103359100003],[89.05749885700004,26.28665499400006],[89.06185663800005,26.28353273700003],[89.06272185000006,26.27814401300003],[89.05680567200005,26.277677246000053],[89.05772951000006,26.276398562000054],[89.06097381800004,26.271830460000047],[89.06146118700008,26.267292626000028],[89.06245967600006,26.259504442000036],[89.05861316800008,26.25474119000006],[89.05094569700003,26.252877632000036],[89.04797470600005,26.245872226000074],[89.04596367700003,26.240819086000045],[89.03292405900004,26.246785939000063],[89.02390152800007,26.244940436000036],[89.01639544100004,26.244148824000035],[88.97729537600009,26.242818888000045],[88.96695187100005,26.23922910600004],[88.94856518700004,26.250282627000047],[88.94025018700006,26.262684627000056],[88.92847050100005,26.28036025800003],[88.91276218800004,26.28735062100003],[88.90043718700008,26.288407627000026],[88.87972718700007,26.286925627000073],[88.86816803500005,26.281463888000076],[88.86232019100004,26.273888618000058],[88.86257118700007,26.266335627000046],[88.86181918400007,26.251576622000073],[88.86787118700005,26.246148627000025],[88.87253018900003,26.239836626000056],[88.87655991200006,26.23863740200005],[88.87558991100008,26.23336678100003],[88.85977587300005,26.23205482700007],[88.84916172500004,26.23422376800005],[88.84207364500008,26.23078259600004],[88.83614039300005,26.238107918000026],[88.82754294700004,26.240205891000073],[88.82887909700008,26.245832991000043],[88.82738463500004,26.249315314000057],[88.82440993800003,26.25177601000007],[88.81665341400009,26.25535767300005],[88.81290058300004,26.257648371000073],[88.81304802400007,26.260980876000076],[88.81465041800004,26.266757709000046],[88.81379375900008,26.27168094900003],[88.81030936000008,26.274960854000028],[88.81156853700008,26.279620296000076],[88.81213763100004,26.283782160000044],[88.81535227000006,26.290765175000047],[88.81190056600008,26.298247832000072],[88.80707218700007,26.301840628000036],[88.79650213700006,26.308119627000053],[88.78738718700004,26.305856628000072],[88.77327860000008,26.301650710000047],[88.76358318700005,26.298990051000033],[88.75833907600008,26.305836359000068],[88.74959908800008,26.311061264000045],[88.74435570500003,26.304034827000066],[88.74137327100004,26.296689489000073],[88.74501342300005,26.290765988000032],[88.73942881400006,26.29053375700005],[88.73469670900005,26.292671132000066],[88.72929695700003,26.289042409000047],[88.72655798500006,26.292373376000057],[88.72145399300007,26.293272778000073],[88.72161630700003,26.28634738900007],[88.71453740400005,26.282331725000063],[88.70627004100004,26.281606456000077],[88.69358853900007,26.27709837200007],[88.68592356900007,26.27592702900006],[88.69189659900007,26.27206647500003],[88.68993470000004,26.267017315000032],[88.68561154400004,26.267112363000024],[88.68304009700006,26.261235933000023],[88.67789409300008,26.26466688800008],[88.66721337200005,26.26350648400006],[88.66996402300003,26.267132674000038],[88.67199650900005,26.27235547300006],[88.66729893700006,26.275496721000025],[88.66738987300005,26.28283255100007],[88.66611160800005,26.28936341700006],[88.66844329200006,26.294475851000072],[88.66964839800005,26.29803134900004],[88.67825570400004,26.296305718000042],[88.68484963500003,26.290698131000056],[88.68458497700004,26.287481056000047],[88.68574761000008,26.282336678000036],[88.69065215100005,26.282525543000077],[88.69605445000008,26.28491095800007],[88.70299834900004,26.28638725500008],[88.70827558100007,26.28865356400007],[88.70169190200005,26.291714674000048],[88.69843256100006,26.291961858000036],[88.69148349000005,26.29144178200005],[88.68498720800005,26.294753722000053],[88.68144750300007,26.301687736000076],[88.67867337700005,26.30794616000003],[88.68040910300004,26.31162518600007],[88.67698845400008,26.311497764000023],[88.67499888300006,26.320188461000043],[88.69013308000007,26.324202326000034],[88.69641626400005,26.327788831000078],[88.69269611300007,26.32148051200005],[88.69238579800003,26.317400260000056],[88.69693378100004,26.313824862000047],[88.70721706500007,26.315245970000035],[88.71504757500009,26.318114150000042],[88.71990448200006,26.313892131000046],[88.73136375300004,26.320352007000054],[88.74738179800005,26.32733385100005],[88.74087162600006,26.32967893800003],[88.74085365500008,26.336561333000077],[88.74385651100005,26.341109479000067],[88.74568560600005,26.345774452000057],[88.73729822200005,26.34955380300005],[88.73578678500007,26.353758436000078],[88.73314299300006,26.350415403000056],[88.72950336100007,26.347665274000065],[88.72435993800008,26.341381412000032],[88.71252930600008,26.343350350000037],[88.70936841000008,26.333857625000064],[88.70249298300007,26.336458470000025],[88.70364451100005,26.34166053900003],[88.69559033400003,26.344313346000035],[88.69657455900006,26.347635123000032],[88.69756479300008,26.355712813000025],[88.69273809100008,26.35785475700004],[88.69540507900007,26.361009264000074],[88.68944182300004,26.365137583000035],[88.68763678900007,26.371189240000035],[88.68603357500007,26.37697004000006],[88.68117291700008,26.378789314000073],[88.68533021700006,26.383066666000047],[88.69924216000004,26.385576456000024],[88.69323580700006,26.387848575000078],[88.68719598400008,26.38748792900003],[88.68682944600005,26.39141565600005],[88.68949514900004,26.394920752000075],[88.68226389200004,26.39439207500004],[88.67328575600004,26.39602564300003],[88.67580082900008,26.400550216000056],[88.68395074900008,26.40240921000003],[88.68580313000007,26.40459538300007],[88.68334983200003,26.407676708000054],[88.68497737700005,26.412021079000056],[88.68200919100008,26.41362263700006],[88.68015819300007,26.40868368400004],[88.67622523300008,26.408025740000028],[88.66379740800005,26.409890760000053],[88.66044178000004,26.415900360000023],[88.65396802300006,26.415660917000025],[88.64682018700006,26.417210628000078],[88.64565818700004,26.418630628000074],[88.65108822200006,26.42396677200003],[88.64867682100004,26.429612942000063],[88.63835718700005,26.42955663300006],[88.63264118700005,26.431726627000046],[88.62403705100007,26.438532914000064],[88.62565918700005,26.451090627000042],[88.62383518700005,26.464263627000037],[88.61194218700007,26.471018628000024],[88.60183680300008,26.470341521000023],[88.59828088100005,26.47095284200003],[88.59450918700009,26.470917628000052],[88.59609418800005,26.46950763500007],[88.59574743100006,26.46638892800007],[88.59549518700004,26.462878627000066],[88.59486262400009,26.452161554000043],[88.58791818700007,26.45077962700003],[88.58504518700005,26.45241962700004],[88.58183027800004,26.455769283000052],[88.57015071300003,26.456975380000074],[88.55825318800004,26.458263628000054],[88.55912822500005,26.459298142000023],[88.56343761100004,26.459382391000076],[88.56121202300005,26.460959823000053],[88.55926218700006,26.46390162700004],[88.56212139800004,26.465312161000043],[88.56053618900006,26.467341624000028],[88.55861118700005,26.467746627000054],[88.55767718700008,26.47063862600004],[88.55969818700004,26.471731627000054],[88.56005044600005,26.473830801000076],[88.55450012600005,26.47157181500006],[88.55696604300005,26.474662799000043],[88.55441517900005,26.47491463500006],[88.55222318700004,26.47673962600004],[88.55421769500003,26.478108142000053],[88.55462718700005,26.47995862600004],[88.55550618700005,26.481732626000053],[88.55692018700006,26.484056621000036],[88.53904913900004,26.483579623000026],[88.52643899700007,26.48142668400004],[88.52733810500007,26.48588661900004],[88.52283676900004,26.48713169900003],[88.52446031000005,26.492557977000047],[88.52265683500008,26.49695242300004],[88.52145157100006,26.503431773000045],[88.51993918700003,26.51055262700004],[88.51040922100003,26.511391546000027],[88.50348521900008,26.515930646000072],[88.49968218700008,26.512408626000024],[88.49345718700005,26.511761627000055],[88.49063218700007,26.510657627000057],[88.48968573600007,26.514677584000026],[88.48971818700005,26.522258626000053],[88.48785709800006,26.526055925000037],[88.48602518700005,26.527364627000054],[88.48844818700007,26.532343627000046],[88.48250022200006,26.530142811000076],[88.48290518700009,26.536323628000048],[88.48457218700008,26.54130262800004],[88.47762118700007,26.541535628000076],[88.46657619700005,26.54422346000007],[88.45782186100007,26.54491033900007],[88.45706708400007,26.539618849000078],[88.45407959900007,26.53622431900004],[88.43723694000005,26.544114534000073],[88.42183799100007,26.576020604000064],[88.41924378000004,26.590378215000044],[88.41856594700005,26.60518718700007],[88.41553621400004,26.622365520000074],[88.41588890100007,26.627739064000025],[88.41276215000005,26.63370685500007],[88.39946918700008,26.626634627000044],[88.38860518700005,26.612326628000062],[88.39680824600003,26.604865549000067],[88.37987118800004,26.596228626000027],[88.37448931600005,26.584676153000032],[88.37049718700007,26.570971626000073],[88.36875225400007,26.559452403000023],[88.35980918700005,26.548666627000046],[88.35860192500007,26.534009973000025],[88.35251618700005,26.52455962600004],[88.34648518800003,26.506463626000027],[88.33141818700005,26.488643628000034],[88.33444018700004,26.481505628000036],[88.33782218700009,26.47877962800004],[88.34698876100003,26.468397739000068],[88.34785018800005,26.464637628000048],[88.34770119200005,26.462844629000074],[88.34786770000005,26.461666313000023],[88.34783318700005,26.460215627000025],[88.34974460400008,26.45870003500005],[88.35051669900008,26.454974678000042],[88.35251080100005,26.45159128100005],[88.35208244400008,26.448471754000025],[88.35568928300006,26.45077456200005],[88.35979968800007,26.453582005000044],[88.35908958700008,26.45700939900007],[88.36042970800008,26.464131070000064],[88.36265461400006,26.466932731000043],[88.36496524000006,26.469714375000024],[88.36522964700004,26.471964522000064],[88.36219279600004,26.474405958000034],[88.36137822500007,26.480044280000072],[88.36028313400004,26.483582230000025],[88.36467349400004,26.48699205500003],[88.37564132300008,26.48392344100006],[88.38451892600006,26.483152708000034],[88.38911323200006,26.47875711100005],[88.39125381700006,26.480803878000074],[88.39625836900007,26.48175903300006],[88.40060345700005,26.482581005000043],[88.40343893200009,26.484154957000044],[88.40749313900005,26.480258030000073],[88.41540147800004,26.47128662800003],[88.42286062900007,26.469893399000057],[88.43239217100006,26.472351127000024],[88.43284861900008,26.46862191200006],[88.44643318700008,26.46610362800004],[88.46481518700006,26.465116627000043],[88.47718918700008,26.461986628000034],[88.48289407300007,26.45506362900005],[88.48386476700006,26.450920403000055],[88.48587189100004,26.446075059000066],[88.49166391900008,26.44057863200004],[88.49557484600007,26.43238165500003],[88.49340826800005,26.428715177000072],[88.49569985400007,26.41774769600005],[88.49560079400004,26.409625505000065],[88.50512576800008,26.404315220000058],[88.51038448700007,26.40525426000005],[88.50682116200005,26.396785344000023],[88.51451419000006,26.387898191000033],[88.51592154900004,26.386138919000075],[88.51521889400004,26.372782185000062],[88.52521793600005,26.375000620000037],[88.51489177700006,26.365197430000023],[88.52428696300007,26.359883060000072],[88.51559857300003,26.35203757100004],[88.50925018700008,26.35096562800004],[88.50581464400005,26.34881640900005],[88.50570818700004,26.351877628000068],[88.50552068800005,26.35628171600007],[88.50810700700004,26.360281333000046],[88.50531171800003,26.363265136000052],[88.49892709300008,26.359846042000072],[88.48803499200005,26.35920718500006],[88.49145668300008,26.351781308000056],[88.48843746100005,26.34940823900007],[88.48015579900004,26.352652111000054],[88.47645634500003,26.35590350700005],[88.47321043700003,26.35669223600007],[88.468204,26.35871],[88.463084,26.358569],[88.460774,26.3614],[88.45763099400006,26.366080014000033],[88.45878848200005,26.37499513100005],[88.45601008500006,26.371852766000075],[88.45154423900004,26.36972899700004],[88.44691825500007,26.36506741100004],[88.44495000600006,26.361701994000043],[88.444041,26.360303001000034],[88.44361799800004,26.35900699900003],[88.44114615000007,26.352532257000064],[88.43880762800006,26.344349452000074],[88.43767502700007,26.340067567000062],[88.43455736300007,26.33598612700007],[88.42203193500006,26.335769602000028],[88.41261799700004,26.337365970000064],[88.411873,26.33632],[88.41159379000004,26.335406676000048],[88.41169719600003,26.33453544500003],[88.410971,26.333863],[88.40997903300007,26.333439051000028],[88.40870096800006,26.333247939000046],[88.40784726000004,26.332093334000035],[88.40638155700003,26.331161215000066],[88.405999,26.33040600100003],[88.405015,26.32962],[88.403816,26.328812],[88.40785676100006,26.327762609000047],[88.41603231900007,26.32186578200003],[88.41267095500007,26.315656311000055],[88.40931795100005,26.316275456000028],[88.40188698400004,26.317012773000044],[88.39748663600005,26.31640019300005],[88.39442189500005,26.314761447000024],[88.38928839600004,26.314048496000055],[88.38733799700003,26.31266522900006],[88.38345789000005,26.311594506000063],[88.38303593300003,26.30942680900006],[88.38114698800007,26.30928521000004],[88.37735139100005,26.30501139300003],[88.37432348700008,26.30518621400006],[88.37207583700007,26.30465083000007],[88.37000576200006,26.304644773000064],[88.36798502100004,26.29909071000003],[88.36285533700004,26.296699169000078],[88.36225353800006,26.292861628000026],[88.35925474300006,26.28892827800007],[88.35469842700007,26.285583949000056],[88.35344300200006,26.286847889000057],[88.35009968100007,26.282803126000033],[88.34895283800006,26.277675432000024],[88.35076455500007,26.27528492700003],[88.34986405000006,26.270792468000025],[88.35069320600007,26.268570819000047],[88.35145132600007,26.26427959600005],[88.34987313400006,26.258549474000063],[88.34965263400005,26.252032661000044],[88.35325529700003,26.248919195000042],[88.35066999500003,26.248439804000043],[88.35184184000008,26.245574227000077],[88.35665078000005,26.244351151000046],[88.35924672000004,26.24073971000007],[88.35466506100005,26.238807735000023],[88.35646187000003,26.235520999000073],[88.35540037400006,26.232236499000066],[88.35054002700008,26.22883033200003],[88.35220216800008,26.22521499900006],[88.34967552700004,26.225460137000027],[88.34840663600005,26.22069585400004],[88.34244570000004,26.21993760500004],[88.33798901900008,26.217206891000046],[88.33144588000005,26.217076252000027],[88.33085421200008,26.21448642300004],[88.32829818000005,26.21320558900004],[88.32650448800007,26.20994057400003],[88.32310856800007,26.208170539000037],[88.32415117700003,26.20425960400007],[88.31844261300006,26.203389234000042],[88.31548561500006,26.20473198600007],[88.30902880100007,26.204254424000055],[88.30380538900005,26.199341335000042],[88.30110703900004,26.19833185300007],[88.29678104500005,26.199382274000072],[88.29161375700005,26.19913241300003],[88.29011999400007,26.200815300000045],[88.28692297500004,26.197987084000033],[88.28409904900008,26.199329740000053],[88.28258471000004,26.19479596900004],[88.27861655700008,26.192852653000045],[88.27642215200007,26.18931881800006],[88.27007177600007,26.187101313000028],[88.26512668400005,26.18712662300004],[88.26355057600006,26.190138060000038],[88.26016423600004,26.18669049500005],[88.25720360600008,26.188767745000064],[88.25235175600005,26.187878194000064],[88.25432143700004,26.18581821500004],[88.24964389500008,26.18663699700005],[88.24801850900008,26.190744151000047],[88.24559047700006,26.187305062000064],[88.24453089200006,26.18869167400004],[88.24186989500004,26.18708638100003],[88.23959411900006,26.18528733900007],[88.23749392400003,26.18438504200003],[88.23616835900003,26.181548976000045],[88.23337638800007,26.182670794000046],[88.23632609000003,26.179951462000076],[88.23709317900006,26.176584624000043],[88.23276127100007,26.17610504000004],[88.22990656800005,26.17128105300003],[88.22705154000005,26.172545074000027],[88.22726920900004,26.170132011000078],[88.22486654000005,26.16848148400004],[88.22226070500005,26.165614832000074],[88.21737122100006,26.167999902000076],[88.21524823000004,26.170261312000036],[88.21257005400008,26.16731690100005],[88.21596878400004,26.16238300200007],[88.21141962700005,26.160161509000034],[88.20735826200007,26.160692840000024],[88.20381743600007,26.159102893000068],[88.19844393300008,26.16340640100003],[88.19636463100005,26.159013134000077],[88.19643169100004,26.154867567000053],[88.19188515500008,26.153423065000027],[88.18339493200006,26.15236879200006],[88.17850519900009,26.149381623000068],[88.17705798800006,26.14250666600003],[88.17839364900004,26.135194279000075],[88.17354577900005,26.129637217000038],[88.17754049200005,26.12447068000006],[88.17452114500009,26.12035978700004],[88.17436135400004,26.111497116000066],[88.16538752600007,26.109404684000026],[88.16307019400006,26.101359630000047],[88.15898253900008,26.092450344000042],[88.16297010400007,26.090217530000075],[88.16097931000007,26.084541890000025],[88.15937277200004,26.078033556000037],[88.16678521900008,26.082517795000058],[88.17249003400008,26.075731649000033],[88.18283141300003,26.07292914800007],[88.18136658200007,26.067957960000058],[88.18533332100003,26.062114485000052],[88.18000190300006,26.058192476000045],[88.17562411300008,26.05843855200004],[88.17818733500008,26.05115864000004],[88.17584974100004,26.04930442700004],[88.17019441600007,26.043894014000045],[88.17044453200003,26.03434687600003],[88.17968621400007,26.030734331000076],[88.17821604100004,26.02165997800006],[88.17157424900006,26.019727984000042],[88.16123827400008,26.018390284000077],[88.15083725200003,26.01969482800007],[88.14357894200003,26.014912956000046],[88.14150557700003,26.010560828000052],[88.13167180700003,25.997424740000042],[88.12930214900007,25.990920352000046],[88.12759317100006,25.977103168000042],[88.12091720800004,25.96875924300008],[88.11862675300006,25.963240678000034],[88.11846244100008,25.95401760200008],[88.11864138600004,25.945491466000078],[88.11273256800007,25.939435013000036],[88.10957948400005,25.93364988700006],[88.10275804900004,25.934780989000046],[88.09214260200008,25.92876176200008],[88.08568951700005,25.916053976000057],[88.09145570600003,25.91319266100004],[88.09058625400007,25.90482071200006],[88.08948794500003,25.89744289600003],[88.10055162600008,25.885993907000056],[88.09807125600008,25.882458659000065],[88.09565057900005,25.877048006000052],[88.09886303200005,25.872648772000048],[88.10176892200008,25.867274397000074],[88.10299609000003,25.861762804000023],[88.10655782100008,25.86908414100003],[88.11176544000006,25.86346035300005],[88.11382547300008,25.85312771300005],[88.10612507400003,25.844525298000065],[88.10028387500006,25.84353440900003],[88.10678534000004,25.839057968000077],[88.10112138400007,25.82922469300007],[88.10790644700006,25.822909438000067],[88.10767194200008,25.816667986000027],[88.11874123500007,25.813213356000063],[88.11498249500005,25.80083666300004],[88.13111621100006,25.79866002700004],[88.13770854000006,25.796970633000058],[88.14419596300007,25.794054595000034],[88.14479512500003,25.790042122000045],[88.14142505700005,25.78198676200003],[88.14531328100009,25.780335267000055],[88.14921437700008,25.775934969000048],[88.15613896200006,25.77832478600004],[88.15903683400006,25.782260568000027],[88.15962424400004,25.78672987300007],[88.16538126100005,25.789273682000044],[88.17322978300007,25.78852889700005],[88.17570778300006,25.79314266500006],[88.18065969200006,25.79428577300007],[88.18258559800006,25.800273881000066],[88.18839531200007,25.800962646000073],[88.19342738800003,25.799492],[88.19911456500006,25.79279918700007],[88.20699590600003,25.787525629000072],[88.20990313100003,25.79165762100007],[88.21267147300006,25.79324340900007],[88.21023103000005,25.792340637000052],[88.21151261400007,25.797164079000027],[88.21486103600006,25.799228695000068],[88.22179707000004,25.798681033000037],[88.22647760400008,25.799815801000022],[88.23073547600006,25.796490781000045],[88.23038868200007,25.798524031000056],[88.23331454800007,25.799177592000035],[88.23039516600005,25.801469406000024],[88.23188395100004,25.803547242000036],[88.23559127700008,25.806789710000032],[88.23796497000006,25.809689538000043],[88.24437617100006,25.808892271000047],[88.24720917800005,25.808526363000055],[88.25148093700005,25.81185546100005],[88.25917344200008,25.813266549000048],[88.27016946200007,25.80598118100005],[88.27174606200003,25.792857757000036],[88.27016429900004,25.78720015400006],[88.26663036300005,25.783267170000045],[88.27379093300004,25.77906047700003],[88.27619824200008,25.776251819000038],[88.27901105300003,25.77466585700006],[88.28578904600005,25.77457584700005],[88.29056992600005,25.771160568000028],[88.29316806100007,25.76653182000007],[88.29899429300008,25.761832758000025],[88.30667484600008,25.75795756100007],[88.31626028400007,25.74636974200007],[88.32048192700006,25.738021341000035],[88.32943383100007,25.739722753000024],[88.33778680200004,25.735182939000026],[88.34448876100004,25.729616429000032],[88.35846201600003,25.726399108000066],[88.36578390900007,25.717442964000043],[88.37419162800006,25.716979457000036],[88.37266653600005,25.70966148100007],[88.37193168100004,25.70724451600006],[88.37150846900005,25.700071980000075],[88.37266211300005,25.69755284100006],[88.37853614800008,25.697313404000056],[88.38530190600005,25.695755937000058],[88.38986360200005,25.68752298800007],[88.39561348500007,25.685269438000034],[88.40512361000003,25.68428053300005],[88.40229076500003,25.676271564000047],[88.40618550300007,25.671357688000057],[88.41210646200005,25.670208020000075],[88.41617769400005,25.668725387000052],[88.42027303900005,25.670351768000046],[88.43063557900007,25.668785378000052],[88.43934136200005,25.667719377000026],[88.44398360500008,25.665031699000053],[88.45415622800004,25.663921138000035],[88.45474733800006,25.655457393000063],[88.45418088100007,25.644952069000055],[88.45622701200006,25.64278900100004],[88.456504,25.641092],[88.455955,25.639809],[88.45553599700008,25.63868995200005],[88.45530013800004,25.63773389100004],[88.455003,25.637053],[88.45489597700004,25.635301952000077],[88.45603508100004,25.628534064000064],[88.454038,25.627446001000067],[88.45197423800005,25.62637871000004],[88.44994,25.625076],[88.448311,25.623326],[88.448448,25.621718001000033],[88.447554,25.62064600100007],[88.44829,25.618649],[88.44710199900004,25.617740001000072],[88.44618613500006,25.616838338000036],[88.44494800200005,25.615239028000076],[88.44619208100005,25.61430031100008],[88.44657082400005,25.613293113000054],[88.44650300500007,25.611440007000056],[88.448017,25.608676],[88.447859,25.606574],[88.44929278400008,25.605148462000045],[88.44654376600005,25.601562740000077],[88.44696145100005,25.596973219000063],[88.45848354000003,25.597229300000038],[88.45993453000006,25.59513876400007],[88.46577277500006,25.591631818000053],[88.46732685400008,25.587474050000026],[88.47002194200007,25.583163452000065],[88.47798158700004,25.585544493000043],[88.48257505900006,25.58229616400007],[88.48528145400007,25.586079495000035],[88.49280276200005,25.582710975000055],[88.49913997800007,25.58414622600003],[88.49923465700004,25.576837315000034],[88.49545558700004,25.568020253000043],[88.49394386700004,25.558993563000058],[88.49872475500007,25.55783457700005],[88.49877605800003,25.55349850400006],[88.50246631300007,25.550074468000048],[88.50625340900007,25.54848646100004],[88.50943573100005,25.544099415000062],[88.51285622800003,25.54673565300004],[88.51798716800005,25.545584693000023],[88.51805727400006,25.538876148000043],[88.52593007800004,25.53854588100006],[88.53176841800007,25.542513446000044],[88.53443152500006,25.53220101000005],[88.53985163500005,25.53289094300004],[88.54047192700006,25.525834926000073],[88.53909328800006,25.520206517000076],[88.54117429600007,25.511607535000053],[88.54245861900006,25.508584260000077],[88.54443800300004,25.510076996000066],[88.54668812300008,25.511665063000066],[88.548537,25.514486],[88.54843835300005,25.51844610300003],[88.55479457600006,25.520586512000023],[88.55301280900005,25.51545174100005],[88.56035673800005,25.513207067000053],[88.57195559800005,25.51027255100007],[88.57883288900007,25.509525162000045],[88.58547358400006,25.509738652000067],[88.58700230600004,25.508107722000034],[88.58942961500009,25.508626288000073],[88.59252473800007,25.50864642600004],[88.59362465100008,25.50777695800008],[88.595095,25.506498001000068],[88.596709,25.50633],[88.59721643200004,25.507225532000064],[88.59778299900006,25.508495004000054],[88.59813499600006,25.509748082000044],[88.599537,25.51061],[88.60108975000009,25.51266147000007],[88.60430140500006,25.516154653000058],[88.60901093700005,25.512621231000026],[88.60727928200004,25.50870884400007],[88.61362543200005,25.509234493000065],[88.61537815000008,25.506828851000023],[88.61980326600008,25.503396430000066],[88.62679977900007,25.49783296700008],[88.63177482900005,25.498688756000035],[88.64191311500008,25.499633419000077],[88.64621576900004,25.497194125000078],[88.64774288600006,25.493243765000045],[88.64429736800008,25.489295310000045],[88.64676535100006,25.47801782700003],[88.650074,25.479999001000067],[88.654328,25.480743004000033],[88.65703198000006,25.48179914600007],[88.66078651100008,25.479815918000043],[88.66288865300004,25.47429085600004],[88.67033588600003,25.474400630000048],[88.67845857400005,25.474147049000067],[88.68447339600004,25.475748201000044],[88.69371970500003,25.47424170900007],[88.69931608600007,25.47132793800006],[88.70610516700003,25.47656037300004],[88.70940390900006,25.48074528500007],[88.70910915600007,25.487759367000024],[88.70862193500005,25.49479160900006],[88.70758120400006,25.499533770000028],[88.71266479500008,25.50026822800004],[88.71269319400005,25.496264396000072],[88.71898305900004,25.49983939300006],[88.72570377600005,25.50206515800005],[88.73189638800005,25.504140926000048],[88.73917578600003,25.50477301600006],[88.74349780500006,25.497974316000068],[88.74130344000008,25.492186650000065],[88.74194528600003,25.488822981000055],[88.75558511700007,25.493765327000062],[88.76941021600004,25.504052019000028],[88.75783470400006,25.508847425000056],[88.76114843200008,25.51542455400005],[88.75941233100008,25.525311440000053],[88.76774870800006,25.521963036000045],[88.77558812700005,25.518683159000034],[88.77812019300006,25.51632588500007],[88.78236770700005,25.515501150000034],[88.78512279000006,25.51864541300006],[88.79320933400004,25.522924773000057],[88.80007243900008,25.524122526000042],[88.80902022500004,25.523430234000045],[88.81065999500004,25.521783998000046],[88.81005201700003,25.519674510000073],[88.809029,25.518313],[88.80829937900006,25.516283731000044],[88.80798,25.513783],[88.808783,25.512527001000024],[88.809697,25.51061400100008],[88.810501,25.509302],[88.81014299800006,25.50746904400006],[88.80981693900009,25.506026016000078],[88.80982881500006,25.504568789000075],[88.809729,25.501886],[88.809836,25.499332],[88.81117370400005,25.497084391000044],[88.812441,25.493356001000052],[88.81314000100008,25.48987],[88.81628557900007,25.488197178000064],[88.82615804400007,25.489830674000075],[88.83330463500005,25.481138612000052],[88.83717928500005,25.469405125000037],[88.83926695200006,25.457817723000062],[88.83536418700004,25.45238462800006],[88.83382618700006,25.451367627000025],[88.83164418700005,25.45016062800005],[88.83140488200007,25.449559900000054],[88.83016318900007,25.448757628000067],[88.82619813300005,25.441507184000045],[88.82787199700005,25.436779640000054],[88.83295996600003,25.43534020800007],[88.83431722400007,25.431349969000053],[88.82937217500006,25.42729332300007],[88.82658910100008,25.417273634000026],[88.81797489600007,25.41657185500003],[88.81557567300007,25.410292757000036],[88.82325895800005,25.409658832000048],[88.82751192900008,25.401386940000066],[88.83571830200003,25.401742639000076],[88.84097353600004,25.39328532500008],[88.83692539600008,25.390874636000035],[88.83746122000008,25.384739059000026],[88.84098340700007,25.381688361000045],[88.83806224700004,25.36889731900004],[88.84088348900008,25.364581572000077],[88.84948019000007,25.36257658900007],[88.85439418700008,25.362446628000043],[88.85525818700006,25.360923628000023],[88.85516318700007,25.359722627000053],[88.85480418700007,25.358727627000064],[88.85550022700005,25.356908400000066],[88.85470123000005,25.35524165000004],[88.85776004600007,25.35454853400006],[88.86447851300005,25.352695710000035],[88.86773818700004,25.34822262600005],[88.86792882100008,25.346780285000023],[88.86800418700005,25.344728627000052],[88.86737118700006,25.34378762700004],[88.86635835300007,25.343411549000052],[88.87228619400008,25.338638571000047],[88.87615101200004,25.334981568000046],[88.87950053100008,25.33047551100003],[88.88808126000004,25.32947640100008],[88.88884023200006,25.337268024000025],[88.89435138100004,25.337081041000033],[88.90501092000005,25.337843213000042],[88.90610818700009,25.33583262700006],[88.90607318700006,25.33374662700004],[88.90632618900008,25.33130262800006],[88.90669518700008,25.328610628000035],[88.90671918700008,25.326749626000037],[88.90830918700004,25.324743627000032],[88.90969218800007,25.32316462700004],[88.91006118700005,25.321123628000066],[88.91113418700007,25.319613626000034],[88.91254018800004,25.31675462800007],[88.91411318700005,25.315123627000048],[88.91560018700005,25.31410962700005],[88.91524169700006,25.312309295000034],[88.92365424300004,25.312086609000062],[88.92742398700005,25.316381843000045],[88.92843751600003,25.31114586500007],[88.93151407500005,25.304161355000076],[88.93828642600005,25.302412678000053],[88.94164830100004,25.301437677000024],[88.94644473600005,25.30259641500004],[88.95276051800005,25.302097995000054],[88.95741730100008,25.30155446400005],[88.96032962000004,25.305996350000044],[88.96554237300006,25.303111803000036],[88.97011852600008,25.301392561000057],[88.97511140100005,25.303254940000045],[88.98084504600007,25.305909861000032],[88.98205000700005,25.302821751000067],[88.98439998800006,25.30126001800005],[88.98497427600006,25.299793003000048],[88.99043143800003,25.297981529000026],[88.99694560000006,25.295981865000044],[89.00219427800005,25.296717950000073],[89.00527018900004,25.29936203500006],[89.00732345300008,25.281111989000067],[89.00688497900006,25.263503016000072],[89.00096744600006,25.269463202000054],[88.99494928500008,25.270208737000075],[88.99174829300006,25.27371576300004],[88.98545323400003,25.272355106000077],[88.98281584700004,25.26736672100003],[88.98222624100003,25.265215929000078],[88.97653104700004,25.26426249900004],[88.96667389700008,25.257440428000052],[88.95958297300007,25.255414491000067],[88.95481766300009,25.25255556700006],[88.95130956000008,25.246081481000033],[88.95419073100004,25.23706251300007],[88.95211275800006,25.230347599000027],[88.95679409100006,25.22530396600007],[88.95781182100006,25.21727955800003],[88.95964995100007,25.211813275000054],[88.95943853400007,25.20816331800006],[88.95216887100008,25.20704590200006],[88.94622016600005,25.206692390000057],[88.94064796500004,25.21043839500004],[88.93598069900008,25.206655167000065],[88.93423979400006,25.19814989300005],[88.94318176200005,25.19303344100007],[88.94688821100004,25.19236892200007],[88.94612578900006,25.18574833200006],[88.94795591000008,25.181878247000043],[88.94522087400009,25.17627135600003],[88.94337493400008,25.173650615000042],[88.93894950300006,25.177636820000032],[88.93202862400005,25.180033555000023],[88.92786600200003,25.176626974000044],[88.92592960500008,25.173038813000062],[88.92306420100005,25.166197676000024],[88.91403425100003,25.16755665900007],[88.91257599100004,25.17521076400004],[88.90961502100004,25.180201430000068],[88.90356622600007,25.179231419000075],[88.89896888800007,25.181112488000053],[88.89263879500004,25.184415114000046],[88.88756576500003,25.17879803900007],[88.87501787100007,25.180029785000045],[88.87515379300004,25.183010397000032],[88.87480901700008,25.18653400100004],[88.87285838200006,25.189043936000076],[88.87270478200008,25.193013368000038],[88.87392349800007,25.195371117000036],[88.86579086000006,25.189850612000043],[88.86494898000007,25.196666271000026],[88.86487924400006,25.200751103000073],[88.85879480500006,25.202305153000054],[88.85748346900004,25.201116624000065],[88.85474802200008,25.200045982000063],[88.84911883500007,25.20470750100003],[88.84998270800008,25.20992396200006],[88.84591145600007,25.21004100400006],[88.84347881400004,25.21390370100005],[88.83755447500005,25.211015691000057],[88.83119396300003,25.20602802800005],[88.83007317300007,25.204501593000032],[88.82957818700004,25.20248762700004],[88.82878418700005,25.201529626000024],[88.82876444500005,25.20008149800003],[88.82910618700004,25.198562627000058],[88.82852096600004,25.197577057000046],[88.82779418400008,25.196674630000075],[88.82721735300004,25.195568104000074],[88.82672118700003,25.194049628000073],[88.82653784300004,25.192456943000025],[88.82676815300005,25.19171672300007],[88.82598272600006,25.191144348000023],[88.82068125900008,25.189239160000056],[88.81459281800005,25.183702057000062],[88.81332940500005,25.17436789100003],[88.80588495700005,25.17357315600003],[88.79906535900005,25.17108857200003],[88.78798053800006,25.175232720000054],[88.77589880000005,25.178943454000034],[88.77405321900005,25.185040968000067],[88.76930776700004,25.189944635000074],[88.76699568300006,25.184196646000032],[88.75421290800006,25.178346601000044],[88.74993180100006,25.179578314000025],[88.74532372300007,25.182875865000028],[88.73989321000005,25.185172038000076],[88.73344035000008,25.191500656000073],[88.73312650000008,25.197759792000056],[88.72968777300008,25.199913799000058],[88.72605805200004,25.198896321000063],[88.72405058300006,25.20153626700005],[88.72206197800006,25.20239295600004],[88.71927878600007,25.202393726000025],[88.71714819500005,25.202607827000065],[88.71446571500007,25.20546978400006],[88.71157907800006,25.20687842500007],[88.70900792100008,25.20755715300004],[88.70604014900005,25.20771634500005],[88.70415564800004,25.207786586000054],[88.70231718700006,25.207281626000054],[88.70039618700008,25.20768862700004],[88.69888894600007,25.208091059000026],[88.69678928800005,25.208401888000026],[88.69513821800007,25.208253382000066],[88.68787367900006,25.208828324000024],[88.67864524000004,25.207274624000036],[88.67803950900009,25.20296069500006],[88.67536518700007,25.201147628000058],[88.67372018700007,25.19959762700006],[88.67294417700003,25.19866963100003],[88.67045118700008,25.19842262700007],[88.66783523000004,25.19837962500003],[88.66743718700008,25.199307626000063],[88.66604718700006,25.200782627000024],[88.66468291400008,25.20249644300003],[88.66196231600009,25.20275905400007],[88.65784456500006,25.203106829000035],[88.65335758600008,25.203792743000065],[88.64932892500008,25.20430895000004],[88.64442095900006,25.20542319200007],[88.64137874700003,25.205463099000042],[88.63946118700005,25.20394762600006],[88.63718318700006,25.20331962700004],[88.63533269400006,25.203343209000025],[88.63353118700007,25.20252862700005],[88.63178518700005,25.201960626000073],[88.62969018700005,25.202164628000048],[88.62856518700005,25.20167662800003],[88.62679463500007,25.20331028100003],[88.62498718800003,25.204401628000028],[88.62279318700007,25.204203626000037],[88.62061118700007,25.205250627000055],[88.61826207500008,25.204444228000057],[88.61604426700006,25.20364657600004],[88.61422019000008,25.20418975800004],[88.61210902100004,25.203905685000052],[88.61240243000003,25.203031499000076],[88.61129207000005,25.201941701000067],[88.61151700300007,25.200692924000066],[88.61116757200006,25.199654225000074],[88.61026036100003,25.198082378000038],[88.60834583500008,25.197242792000054],[88.60622728700008,25.195375409000064],[88.60457893500006,25.195221294000078],[88.60272018700005,25.19441462700007],[88.60106040800008,25.193029567000053],[88.59889418800003,25.192161627000075],[88.59804415200006,25.191043609000076],[88.59581018700004,25.191358628000046],[88.59274218700006,25.193209628000034],[88.59022486200007,25.194573757000057],[88.59044786700008,25.19242918200007],[88.59096674600005,25.191067237000027],[88.59069218700006,25.190650627000025],[88.59083252700003,25.189478604000044],[88.59112864300005,25.188076786000067],[88.59179127500005,25.187491656000077],[88.59121118800005,25.18610762700007],[88.59064618700006,25.18534962800004],[88.58969747000003,25.185438214000044],[88.58912118700005,25.184972626000047],[88.58896165200008,25.183767354000054],[88.58797918700003,25.183590627000058],[88.58691648600006,25.18238946500003],[88.58109084400007,25.181677119000028],[88.57900451000006,25.177035759000034],[88.57159711600008,25.17703305400005],[88.56776647000004,25.175490784000033],[88.56494575300007,25.175671236000028],[88.56406263600007,25.175428331000035],[88.56332618700009,25.175370627000063],[88.56237318700005,25.17557263200007],[88.56144818500007,25.175623622000046],[88.56026718700008,25.17630662700003],[88.55884918700008,25.17676162600003],[88.55828218700003,25.177611628000022],[88.55694372400006,25.178375006000067],[88.55595118700006,25.179198627000062],[88.55628518000003,25.179964578000067],[88.55686344100008,25.18081947400003],[88.55916501600007,25.182762899000068],[88.55951064400006,25.187052041000072],[88.55756690900006,25.19258228700005],[88.55180844900008,25.193520190000072],[88.54785497900008,25.19512611400006],[88.54273618800005,25.19371534000004],[88.53766496200006,25.18852004400003],[88.53376914900008,25.18783767000008],[88.53488546300008,25.194627917000048],[88.52989044900005,25.19880704800005],[88.52442476800007,25.20019645600007],[88.51321705100008,25.203188651000062],[88.50157983900004,25.20332385200004],[88.49971871000008,25.209513782000045],[88.49402438500005,25.210614967000026],[88.48676212100008,25.21152790800005],[88.47998761400004,25.211272161000068],[88.47540866700007,25.21344137400007],[88.47236289700004,25.20531555900004],[88.47114514400005,25.203053531000023],[88.47085598300004,25.19971994200006],[88.47192198000005,25.19869125500003],[88.47095920600003,25.19754916000005],[88.46924148400007,25.197782714000027],[88.46981645500006,25.196920625000075],[88.46824496500005,25.196989960000053],[88.46694547900006,25.19704144600007],[88.46421061100006,25.19552506800005],[88.45606364000008,25.196646912000062],[88.44617669900003,25.197412651000036],[88.43867982300009,25.199123173000032],[88.43944723500005,25.203892774000053],[88.44128878000004,25.20866754800005],[88.43834611000005,25.202823699000078],[88.43798369700005,25.198011979000057],[88.44356935800005,25.19448218900004],[88.44553665900008,25.17897909100003],[88.45124167900008,25.167444553000053],[88.45736218700006,25.16483962700005],[88.45943918700004,25.16070162400007],[88.45710418600004,25.15276362000003],[88.46176954300006,25.148510414000043],[88.45900518700006,25.145856627000057],[88.46029318700005,25.139996627000073],[88.45697621500005,25.139448641000058],[88.45616712800006,25.134231573000022],[88.44982710200009,25.13094716300003],[88.44177542000006,25.125560746000076],[88.44541196700004,25.113461280000024],[88.44544997100007,25.10384304400003],[88.44564051900005,25.095201947000078],[88.44692513600006,25.087195931000053],[88.44767649200008,25.080757249000044],[88.44863597400007,25.074074462000056],[88.44702767300004,25.071796040000038],[88.43965021300005,25.059333968000033],[88.43561331400008,25.049453759000073],[88.43780089300003,25.042813955000042],[88.44934218700007,25.039522627000053],[88.45210125800008,25.03605663700006],[88.44614118700008,25.033515630000068],[88.44418573700005,25.029628959000036],[88.44215218700003,25.02380062800006],[88.43854818700004,25.02217362600004],[88.44029618700006,25.018996626000046],[88.43972209600008,25.01798330500003],[88.43970714300008,25.015906184000073],[88.44048518700004,25.011832627000047],[88.43806318700007,25.01209062600003],[88.43738021000007,25.01442327700005],[88.43673018700008,25.009912628000052],[88.43573312200004,25.00708162500007],[88.43420255500007,25.00542376900006],[88.43066684800004,25.007791175000023],[88.42735621600008,25.007683632000067],[88.42629451600004,25.014886486000023],[88.42486612400006,25.009747721000053],[88.42011497200008,25.00356236400006],[88.42041524600006,24.99932830000006],[88.41566722900006,24.998257283000044],[88.41180300200006,24.998457159000054],[88.41432842300009,24.99544899600005],[88.41288216600003,24.99051190600005],[88.41691474100008,24.983983265000063],[88.41849286600007,24.983439473000033],[88.41466079500003,24.982800289000068],[88.41703160900005,24.975508560000037],[88.41567055100006,24.973290459000054],[88.41378245200008,24.973212683000042],[88.41021144900003,24.97349881400004],[88.40992765400006,24.976479185000073],[88.40507831800005,24.979751587000067],[88.40397149500006,24.97614007900006],[88.40499314700008,24.97360303100004],[88.40333476600006,24.973491498000044],[88.39954687200003,24.97293733300006],[88.39487541600005,24.967388389000064],[88.39458349000006,24.964066342000024],[88.39425821200007,24.960443336000026],[88.39718430600004,24.960597934000077],[88.39720453600006,24.957959225000025],[88.40056312200005,24.955008474000067],[88.40070252700008,24.951929304000032],[88.40055634200007,24.948613357000056],[88.39771839600007,24.944562923000035],[88.39105681600006,24.94309084500003],[88.38844730700004,24.943928162000077],[88.38634863300007,24.93936845500008],[88.37306592100003,24.94341069400008],[88.36856971200007,24.945821847000047],[88.36681903500005,24.947544150000056],[88.36573100700008,24.95153734300004],[88.36197276600006,24.951430996000056],[88.36063019100004,24.948951584000042],[88.35259348100004,24.94209022700005],[88.34216018700005,24.941524628000025],[88.33983418700006,24.934438627000077],[88.33690718700007,24.929851626000072],[88.33559017700009,24.927553626000076],[88.33482992500007,24.921291715000052],[88.33312319600003,24.91843562500003],[88.32971733700003,24.91733836000003],[88.32447884300007,24.918037368000057],[88.32859355400007,24.904028338000046],[88.33422829100004,24.900478183000075],[88.33375318700007,24.897548628000038],[88.33570818700008,24.89811862700003],[88.33706018600003,24.899413563000053],[88.33817218700005,24.899598627000046],[88.34030718700006,24.89997662600007],[88.34187818700008,24.898976627000025],[88.34309515600006,24.89982863700004],[88.34444278200004,24.897933899000066],[88.34628718700003,24.895312627000067],[88.34675518300008,24.893406626000058],[88.34553512800005,24.891946622000034],[88.34527018700004,24.890664628000025],[88.34386818700006,24.88873262800007],[88.34330518700006,24.887476626000023],[88.34310318700005,24.88546562600004],[88.34218023900007,24.883488175000025],[88.33984418300008,24.881098630000054],[88.33915818500003,24.878907629000025],[88.33735718800006,24.878513621000025],[88.33434428400005,24.87759287800003],[88.33528869800006,24.87468956500004],[88.33331418700004,24.87298862700004],[88.32704418700007,24.870263628000032],[88.32081718700005,24.87673662800006],[88.31756184500006,24.883487079000076],[88.31255024300003,24.88080787100006],[88.30621006400008,24.875707039000076],[88.30375354200004,24.871897569000055],[88.30159148800004,24.875053552000054],[88.29825067000007,24.880525902000045],[88.30079809000006,24.884814222000045],[88.29813700100004,24.885720137000078],[88.29012766400007,24.889107572000057],[88.28608654900006,24.889023945000076],[88.27869172700008,24.888248608000026],[88.27752202000005,24.891710931000034],[88.27709681500005,24.897586902000057],[88.27041110500005,24.893511767000064],[88.26790301600005,24.887985748000062],[88.26754548900004,24.88561627400003],[88.26554291600007,24.87715257800005],[88.26155248600008,24.88750003900003],[88.26430378200007,24.907538516000045],[88.25743688900008,24.924643513000035],[88.24141213000007,24.939069371000073],[88.23358105600005,24.949815435000062],[88.22709993600006,24.959624640000072],[88.22132079800008,24.961977475000026],[88.21685184200004,24.961219933000052],[88.21093893900007,24.96165129900004],[88.20391931400007,24.959693323000067],[88.19880081600007,24.955751537000026],[88.18976325700004,24.951714516000038],[88.17734106900008,24.948114289000046],[88.16434211100005,24.94245903600006],[88.15779591500007,24.934951907000027],[88.14023527800003,24.936328770000046],[88.15039218200008,24.90928540500005],[88.15571938400007,24.898759743000028],[88.16237592100003,24.892862860000037],[88.16151869100008,24.88932380600005],[88.16189217400006,24.879469147000066],[88.17212458800003,24.862573204000057],[88.17366486600008,24.860462582000025],[88.16359432900003,24.85318569800006],[88.14998257000008,24.85331599500006],[88.14605860200004,24.844019918000072],[88.13228784800003,24.836164044000043],[88.13587311400005,24.807272457000067],[88.11851060800007,24.819795344000056],[88.10489818100007,24.798166638000055],[88.10132226600007,24.779873896000026],[88.07457563400004,24.77083368700005],[88.07126758600003,24.745589620000032],[88.04802826500008,24.709151589000044],[88.01168143500007,24.665088755000056],[88.07325709500003,24.595264126000075],[88.10441237300006,24.54768241200003],[88.12865860200003,24.524790788000075],[88.18715441000006,24.478390570000045],[88.21401402100008,24.456889404000037],[88.25678927600006,24.447540438000033],[88.28551192700007,24.42181595900007],[88.31321540100004,24.399009443000068],[88.35401140500005,24.374400792000074],[88.38016738800007,24.37394843100003],[88.41757886500005,24.38033309700006],[88.44809185500009,24.377426213000035],[88.51149682600004,24.343006995000053],[88.54272914000006,24.31593925800007],[88.55934857800008,24.305797463000033],[88.59963677400003,24.311023008000063],[88.63708178900004,24.307492204000027],[88.65614382400008,24.310828025000035],[88.66649105700003,24.315132858000027],[88.67493985800007,24.315121482000052],[88.68497068400006,24.315987172000064],[88.69483115100007,24.313724087000026],[88.71177215500006,24.308764222000036],[88.73529949600004,24.22113514700004],[88.73403484800008,24.168858485000044],[88.74231722500008,24.15533246800004],[88.72622193700005,24.132751523000024],[88.70325686000007,24.11389327200004],[88.71450504600006,24.08562577500004],[88.72401700400007,24.069081416000074],[88.73795609800004,24.062176452000074],[88.74243533500004,24.049849944000073],[88.73066944800007,24.047535869000058],[88.73001519300004,24.039365329000077],[88.74078558400004,24.033475044000056],[88.73440202100005,24.019133556000043],[88.73065794400009,24.00742735700004],[88.72973316100007,23.993713051000043],[88.74402492600007,24.00533075900006],[88.755359,24.007144005000043],[88.76251419000005,23.999779704000048],[88.76416911300004,23.99130358700006],[88.76931912200007,23.981783590000077],[88.75831619800005,23.98364269500007],[88.74574719900005,23.985531641000023],[88.73662617900004,23.98157069000007],[88.73690110600006,23.971935690000066],[88.73377292700008,23.96236813200005],[88.73428093600006,23.959096268000053],[88.73598501400005,23.95531543100003],[88.74245794300003,23.951144670000076],[88.73963686900004,23.943924867000078],[88.74001197300004,23.938397424000073],[88.74294497000005,23.93108219900006],[88.73734460100007,23.93308552600007],[88.73520190500005,23.928069883000035],[88.73515994800005,23.915471660000037],[88.73013560300006,23.912645069000064],[88.72042797700004,23.91629238300004],[88.71031186700003,23.913987390000045],[88.70309768600004,23.911916074000032],[88.69986274000007,23.908191541000065],[88.70355301800004,23.90644555600005],[88.70113084700006,23.904393738000067],[88.70268463900004,23.90099527500007],[88.70462395300007,23.900358803000074],[88.69798647600004,23.899841235000054],[88.68832711400006,23.90093175900006],[88.68373406000006,23.890029261000052],[88.67587674600009,23.884397548000038],[88.66680984000004,23.883323764000068],[88.66340545900005,23.877640642000074],[88.66715869800004,23.871198028000038],[88.66478223100006,23.86998637000005],[88.65700769900008,23.869346845000052],[88.65348988000005,23.86578011000006],[88.64957567700009,23.867509862000077],[88.64306769800004,23.86906945800007],[88.63710113700006,23.87155468900005],[88.63046920800008,23.86603755300007],[88.62425620600004,23.867486617000054],[88.62487814300005,23.87528564300004],[88.61465222100009,23.876398592000044],[88.60918420300004,23.869172551000077],[88.60584921100008,23.863633622000066],[88.59680142300004,23.869101216000047],[88.58930673600008,23.87043542300006],[88.58414900600008,23.86810875200007],[88.57927862900004,23.86166098600006],[88.57748476400008,23.85761118100004],[88.57854491100005,23.851568823000036],[88.58557724300005,23.854992550000077],[88.59074116600004,23.85058769400007],[88.58719511800007,23.844612570000038],[88.58632926800004,23.834709687000043],[88.58839222200004,23.827772657000025],[88.59511014900005,23.824266673000068],[88.60154611000007,23.81931866800005],[88.59874521300009,23.812686572000075],[88.59520923500008,23.810348445000045],[88.59336253400005,23.811278],[88.58950762100005,23.81261139000003],[88.58686932800003,23.81173849700008],[88.59139327800006,23.80772730600006],[88.59224749100008,23.80430972700003],[88.58823011600003,23.796640592000074],[88.58228617300006,23.792302621000033],[88.57302618200004,23.783690551000063],[88.55778721100006,23.786064642000042],[88.56168487600007,23.780300699000065],[88.56789249800005,23.776888839000037],[88.57153887300007,23.775791926000068],[88.57659922400006,23.775086359000056],[88.57928295900007,23.77208205100004],[88.58061707400003,23.76170155500006],[88.57763447300005,23.756186656000068],[88.57014009200003,23.748219482000025],[88.57304414500004,23.744121162000056],[88.57216814000003,23.738446209000074],[88.57428183900004,23.736498789000052],[88.57609973900009,23.733651955000028],[88.57347398200005,23.730990701000053],[88.57190257500008,23.72887841100004],[88.56879921500007,23.720313968000028],[88.56601793800007,23.71422109300005],[88.56581093700004,23.708282885000074],[88.56753174100004,23.70140933700003],[88.56765558800004,23.697532353000042],[88.56851073400009,23.691815202000043],[88.57277644000004,23.68464446300004],[88.57402859500007,23.679164134000075],[88.57409127300008,23.674777050000046],[88.57248125100006,23.67034233100003],[88.56945771400007,23.663805964000062],[88.56674083700005,23.65808159100004],[88.56029526800006,23.652472646000035],[88.55976483900008,23.647813238000026],[88.56296467100003,23.644754041000056],[88.56676872700007,23.63642828600007],[88.57339722200004,23.63751276800008],[88.58115705200004,23.638892761000022],[88.59204551600004,23.641032747000054],[88.59331266800007,23.63261450600004],[88.59259111700004,23.627391076000038],[88.59345433200008,23.619250630000067],[88.58486801200007,23.613148167000077],[88.58098923000006,23.606315365000057],[88.58451828000005,23.60334567900003],[88.59477408900005,23.602090494000038],[88.60022817000004,23.60686693100007],[88.60766004100003,23.60532657500005],[88.60587406000008,23.600538590000042],[88.61276007300006,23.602693188000046],[88.61961654000004,23.60265842000007],[88.62593500800006,23.606523609000078],[88.63163519700004,23.608345650000047],[88.63987082300008,23.61126286600006],[88.64527993500008,23.607888599000034],[88.64006306400006,23.59886487500006],[88.64022452100005,23.59100735800007],[88.64562472400007,23.58957669600005],[88.65084410600008,23.584236627000053],[88.65078425900003,23.574044568000033],[88.65432611600005,23.561807659000067],[88.65999110900003,23.55135861100007],[88.67306922500006,23.548142643000062],[88.68590912700006,23.536950624000042],[88.68864615400008,23.53172165600006],[88.69442413500008,23.525397677000058],[88.69817017600008,23.515848679000044],[88.71221422200006,23.509455634000062],[88.72596020800006,23.51031561800005],[88.72931260300004,23.496237875000077],[88.74286264000006,23.48566958300006],[88.74257502400008,23.479722354000046],[88.75622323700009,23.478446616000042],[88.75589215200006,23.48705969100007],[88.76724912700007,23.481590667000035],[88.76830223000007,23.487435704000063],[88.77793320400008,23.50033260200007],[88.78488258600004,23.501086287000078],[88.78953117400005,23.502359501000058],[88.79968116900005,23.49861809400005],[88.79618069600008,23.488190149000047],[88.79806477900007,23.481042439000078],[88.78977204600005,23.47302564000006],[88.78909087400007,23.465282743000046],[88.79061618600008,23.460188208000034],[88.79123229500004,23.455021094000074],[88.78933136200004,23.44878132200006],[88.79542414000008,23.443138696000062],[88.78936592500008,23.44144465900007],[88.78532668300005,23.444434385000022],[88.78319747300009,23.440245250000032],[88.78057432500003,23.440469208000025],[88.77229938400006,23.445918368000036],[88.76386039500005,23.448046384000065],[88.76166728100009,23.434246631000065],[88.76017359900004,23.425798204000046],[88.75489906800004,23.418875322000076],[88.75985160100004,23.410789820000048],[88.75547685500004,23.404140821000055],[88.75431691500006,23.39519167000003],[88.75702416100006,23.38782580000003],[88.76038189400003,23.38699913100004],[88.76130188300004,23.384514297000067],[88.76033788900008,23.376457109000057],[88.76473321500004,23.366394651000064],[88.75251022100008,23.36200655700003],[88.74647515000004,23.357768984000074],[88.74572523800003,23.351927655000054],[88.74068117700006,23.349721704000046],[88.73198713200009,23.351855570000055],[88.73653112900007,23.34640565500007],[88.73622921300006,23.339838603000032],[88.73421219100004,23.330933669000046],[88.73913521800006,23.327878632000022],[88.74576614200004,23.32405061700007],[88.74659712400006,23.316097699000068],[88.74457121800003,23.306895544000042],[88.73440816000004,23.306342673000074],[88.72942025700007,23.314802695000026],[88.72517415300007,23.31827766500004],[88.72678716600007,23.309597703000065],[88.72562023800003,23.298702569000056],[88.71994015700005,23.302530585000056],[88.70978615200005,23.30449563700006],[88.71001715700004,23.309930632000032],[88.70677721600003,23.310278647000075],[88.69619120800007,23.302177706000066],[88.69890526800003,23.291342588000077],[88.71014825000003,23.288870597000027],[88.71113111200003,23.278640651000046],[88.72430612400007,23.27129760100007],[88.71902820600008,23.256624577000025],[88.73323519700006,23.248235632000046],[88.74908219000008,23.242814553000073],[88.76734753400007,23.24518497400004],[88.77327636000007,23.238536903000067],[88.77323528000005,23.23112283300003],[88.77843413500005,23.222785031000058],[88.78777526000005,23.221933112000045],[88.79147564600004,23.219825085000025],[88.80573810900006,23.21881925100007],[88.80698417500008,23.230864822000058],[88.80730682700005,23.242318755000042],[88.80917207500005,23.254556769000033],[88.81302731200003,23.25354740800003],[88.82305045500004,23.247681525000075],[88.82334618800007,23.237611569000023],[88.83374712400007,23.240413640000043],[88.84495724900006,23.23244060600007],[88.85615090100003,23.236221467000064],[88.86145194600005,23.232842231000063],[88.87471681300008,23.234129043000053],[88.88305428400008,23.229961984000056],[88.88688761000003,23.22648739500005],[88.89352827900007,23.232110848000048],[88.89990765300007,23.233255288000066],[88.90584850600004,23.235540359000026],[88.91209013400004,23.231320161000042],[88.91590866300004,23.21999771800006],[88.91695580600003,23.213397287000078],[88.91838015500008,23.219730368000057],[88.92654471700007,23.217521129000033],[88.92931630900006,23.21172140300007],[88.94018424000006,23.20700421600003],[88.95269547000004,23.210885301000076],[88.96406297200008,23.21585247300004],[88.97072642500007,23.222671854000055],[88.97640572800003,23.217061388000047],[88.97477265600008,23.221098093000023],[88.97999401500005,23.223338412000032],[88.97950557200005,23.215991983000038],[88.98262193000005,23.221956826000053],[88.99576535400007,23.21512549700003],[88.99182921900007,23.212480089000053],[88.97980815700004,23.211346709000054],[88.98713457300005,23.201740194000024],[88.98416821700005,23.199270030000037],[88.98127507900006,23.19481713700003],[88.97897128100004,23.190230330000077],[88.97872869000008,23.186651380000058],[88.97795957200003,23.182633157000055],[88.97519776200005,23.185648963000062],[88.97174010000003,23.193225367000025],[88.96056932700003,23.19112843000005],[88.95799908800007,23.185017748000064],[88.94743117400003,23.180838236000056],[88.93587556900007,23.172724712000047],[88.93424108900007,23.163960244000066],[88.92778877100005,23.160728033000055],[88.93014507400005,23.15822869300007],[88.93224576800009,23.151686837000057],[88.93106401900008,23.144468249000056],[88.91939380000008,23.139957215000038],[88.91858461400005,23.133421861000045],[88.91030173300004,23.129606984000077],[88.90466030600004,23.12036233400005],[88.90113760700007,23.114855809000062],[88.89695094100006,23.11184081700003],[88.89016571300004,23.108163434000062],[88.88435415500004,23.110941909000076],[88.88158615400005,23.10821369100006],[88.87920332900006,23.10446847700007],[88.87394512100008,23.102355930000044],[88.86931357700007,23.099837837000052],[88.87429202400006,23.090880644000038],[88.86913152700004,23.086163945000067],[88.86363696300003,23.07972935500004],[88.86795694100005,23.071785629000033],[88.86888323200003,23.068803089000028],[88.87431409000004,23.058966947000044],[88.87451857400004,23.053491200000053],[88.87595065200009,23.044150047000073],[88.88441399900006,23.037180644000046],[88.88062746400004,23.029928469000026],[88.87771736600007,23.026016544000072],[88.87250521200008,23.019034669000064],[88.87457621300007,23.013629682000044],[88.88011413600003,23.008719564000046],[88.87320325700006,23.00444764300005],[88.85500212200003,23.006895662000034],[88.84666112200006,23.006511602000046],[88.86397411100006,23.001907592000066],[88.86519317500006,22.986105692000024],[88.86388023400008,22.973635599000033],[88.85527922700004,22.95656166200007],[88.86211919600004,22.94534064000004],[88.87780626300008,22.950699695000026],[88.89441215400007,22.951763695000068],[88.89209824600005,22.937233664000075],[88.89541613800003,22.92626762200007],[88.90674713000004,22.915727546000028],[88.89969526800007,22.90814762100007],[88.89987575400005,22.897079890000043],[88.90500046700004,22.894693758000074],[88.90512458500007,22.890145767000035],[88.90545333700004,22.886493461000043],[88.90906089300006,22.882428685000036],[88.91050128500007,22.88083774200004],[88.91353875600004,22.879249542000025],[88.91783210900007,22.87777071200003],[88.92350163200007,22.879727872000046],[88.92774296500005,22.87262409300007],[88.93422281700003,22.873955571000067],[88.94082774900005,22.87627470700005],[88.94561116600005,22.88047963100007],[88.94979021600005,22.876220619000037],[88.95215122900004,22.87013569100003],[88.95336710800007,22.864028636000057],[88.95874124900007,22.86022057100007],[88.96293723000008,22.852947593000067],[88.96850516100005,22.84293557700005],[88.96468418700005,22.83092967600004],[88.96299623900006,22.818821679000052],[88.95761988100008,22.80890561600006],[88.95891874700004,22.805054305000056],[88.95922958800008,22.79815597100003],[88.95208957000006,22.79739059800005],[88.94352303700003,22.79173032800003],[88.93564762500006,22.790190007000035],[88.93578550800004,22.783640115000026],[88.92849844400007,22.78310670700006],[88.92652238800008,22.776814427000033],[88.91772937400003,22.769269395000038],[88.91234996500003,22.75614340100003],[88.91604348200008,22.754931475000035],[88.92145616600004,22.749953194000057],[88.91697062000009,22.744209389000048],[88.91764970900005,22.733879114000047],[88.92660926200006,22.721983370000032],[88.94571829400007,22.707865180000056],[88.95598462500004,22.703937599000028],[88.96070552800006,22.697156204000066],[88.96108028500004,22.68679075700004],[88.95558983600006,22.685212937000074],[88.95035324200006,22.680507560000024],[88.94814133200003,22.67530418000007],[88.94627964800009,22.66874985000004],[88.94468526300005,22.66222258700003],[88.94090307100004,22.659632225000053],[88.93485024500006,22.65651361600004],[88.93347024000008,22.652014990000055],[88.92610967100006,22.65211308000005],[88.94267064500008,22.595863128000076],[88.96000121700007,22.551143591000027],[88.97345517700006,22.509821645000045],[88.99589722000007,22.46397263600005],[89.00006118200008,22.432023669000046],[88.97234323400005,22.41127862700006],[88.98505750800007,22.379420327000048],[88.98643120200006,22.357584660000043],[88.98506914200004,22.325300584000047],[89.01230714300004,22.312539642000047],[89.02109422800004,22.293900636000046],[88.99503723700008,22.291525706000073],[89.01778521900007,22.270725678000076],[89.01658526600005,22.25333457100004],[89.03553524000006,22.24837566900004],[89.06496812600005,22.203627706000077],[89.06304615500005,22.16969860000006],[89.08183318600004,22.153354558000046],[89.08930514900004,22.142230599000072],[89.05352816900006,22.121355639000058],[89.04133820000004,22.084419608000076],[89.05369567900004,22.02663803200005],[89.06841056900004,21.95202155100003],[89.02664184600008,21.92686080900006],[89.00411224400005,21.96274948100006],[89.01670716000007,21.90191499100007],[89.03208160400004,21.863193513000056],[89.01074981700003,21.810249328000054],[89.02744293200004,21.75694465600003],[89.07450103700006,21.695693970000036],[89.08369445800008,21.621500016000027],[89.03119659400005,21.648166656000058],[89.04125213600008,21.61238861100003],[88.99333191000005,21.611194612000077],[88.93785858200005,21.665027618000067],[88.88708496100008,21.66663932800003],[88.88124847400007,21.754972458000054],[88.86413574200003,21.747943878000058],[88.85291290300006,21.660833358000048],[88.84455871600005,21.625833512000042],[88.80958557100007,21.63500022900007],[88.81124877900004,21.660833358000048],[88.75291442800005,21.668333054000072],[88.70285797100007,21.725805282000067],[88.71041870100004,21.809139252000023],[88.70835876500007,21.852916719000063],[88.71455383300008,21.88913917700006],[88.73039245600006,21.931638717000055],[88.75164032000004,21.97622299300008],[88.76902771000005,22.017833710000048],[88.75694274900007,22.069915773000048],[88.69989013700007,22.073610306000035],[88.73530578600008,22.029888154000048],[88.69322204600007,22.013639450000028],[88.64319610600006,22.076139450000028],[88.61325073400008,22.017833710000048],[88.60874938900008,21.992471695000063],[88.60453033400006,21.939971925000066],[88.59872436500007,21.94244384900003],[88.57878112800006,21.90083313100007],[88.56702423100006,21.839971543000047],[88.53455352800006,21.846639633000052],[88.52122497600004,21.857500077000054],[88.52788543700007,21.919137956000043],[88.50958252100008,21.930833816000074],[88.45788574200003,21.895805359000065],[88.49036407500006,21.84000015400005],[88.46080780000005,21.79541587800003],[88.46622467000003,21.72497177100007],[88.46461486800007,21.64330482500003],[88.44041442900004,21.616638185000056],[88.43458557100007,21.702499389000025],[88.41288757300003,21.66333389400006],[88.40953064000007,21.59583282500006],[88.38455200200008,21.650833130000024],[88.40205383300008,21.718305589000067],[88.39333343500005,21.71705627600005],[88.34038543700007,21.713306427000077],[88.30869293200004,21.72497177100007],[88.28035736100009,21.728305818000024],[88.30288696300005,21.652471542000058],[88.29497528100006,21.596250534000035],[88.25753021200006,21.55708313100007],[88.22247314400005,21.62536049000005],[88.19875335700004,21.680833818000053],[88.21538543700007,21.73997306800004],[88.19875335700004,21.819139480000047],[88.16789245600006,21.885778427000048],[88.16077423100006,21.965389251000033],[88.21366882300003,22.03905487000003],[88.21038818300008,22.12494468700004],[88.14658355700004,22.19786071900006],[88.06208038300008,22.222528459000046],[88.03830719100006,22.207000734000076],[88.11827850300006,22.187026977000073],[88.19033050700006,22.104110717000026],[88.10663604700005,22.03619384700005],[88.03788757300003,21.978332521000027],[87.99874877900004,21.898305894000032],[87.95205688500005,21.828306198000064],[87.88285827700008,21.797500610000043],[87.79497528100006,21.697889329000077],[87.75753021200006,21.695417405000057],[87.70664215100004,21.660417558000063],[87.64666748200005,21.65791702200005],[87.57330322300004,21.632888795000042],[87.50250244200004,21.61538887100005],[87.43997192400008,21.59708404500003],[87.36583709700005,21.579526901000065],[87.37955474900008,21.553361894000034],[87.23666381900006,21.552055358000075],[87.19330596900005,21.552860261000035],[87.18499755800008,21.542888643000026],[87.15164184600008,21.52536201500004],[87.11583709700005,21.520416260000047],[87.09244537300003,21.487028122000027],[87.04499816900005,21.455389023000066],[86.91333007800006,21.33872223000003],[86.86788940400004,21.264972688000057],[86.83460998600003,21.207471847000022],[86.83039093000008,21.139110565000067],[86.84708404500003,21.081638336000026],[86.89372253400006,21.004972458000054],[86.94127655000005,20.90500068600005],[86.96083068800004,20.854583740000066],[86.96955871600005,20.786638261000064],[86.88664245600006,20.793722154000022],[86.93419647300004,20.767055511000024],[87.01122283900008,20.734138490000078],[86.93413543700007,20.714555741000027],[86.97080230700004,20.696277618000067],[87.01086425800008,20.697055818000024],[87.06794738800005,20.717472076000035],[86.95996856700003,20.64875030500008],[86.86083221500007,20.588750839000056],[86.78208160400004,20.52583313100007],[86.73163604700005,20.534610748000034],[86.74416351400004,20.46875],[86.73542022700008,20.46166610800003],[86.71580505400004,20.39622306800004],[86.75208282500006,20.39583397000007],[86.78458404700007,20.385833740000066],[86.77458190900006,20.34827804500003],[86.72914123500004,20.315416337000045],[86.68419647200005,20.291221619000055],[86.73252868700007,20.298778535000054],[86.80122375400003,20.360834123000075],[86.72914123500004,20.29291725300004],[86.67913818300008,20.259611129000064],[86.58494567900004,20.214527131000068],[86.51239013700007,20.171722412000065],[86.54164123600003,20.181194307000055],[86.47250366200007,20.086221695000063],[86.42874908500005,20.009195328000033],[86.37999725300006,19.98624992400005],[86.33538818300008,19.987472534000062],[86.34330749600008,19.969583513000032],[86.32663726800007,19.94622230600004],[86.26669311500007,19.91955566400003],[86.23497009200008,19.913722992000032],[86.18830871600005,19.885416032000023],[86.11247253400006,19.863750459000073],[86.05791473400006,19.851667404000068],[86.05494690000006,19.847917558000063],[85.97916412400008,19.83455467400006],[85.91333007800006,19.821250915000064],[85.87249755800008,19.807916641000077],[85.80333709700005,19.785388948000048],[85.75914001500007,19.770389557000044],[85.69078063900008,19.747055054000043],[85.61499786400003,19.715389251000033],[85.67497253400006,19.744527817000062],[85.62577819900008,19.72955513000005],[85.53416442900004,19.69044494600007],[85.57499694900008,19.695417404000068],[85.46252441400009,19.63872146700004],[85.35583496100008,19.587055208000038],[85.26335907000004,19.527915954000036],[85.17913818300008,19.467889786000057],[85.09122467000003,19.38999939000007],[85.03788757300003,19.384971619000055],[85.07994079600007,19.37211036800005],[84.95999908500005,19.294555665000075],[84.91000366200007,19.26038932800003],[84.81375122100008,19.153305054000043],[84.78788757300003,19.127471925000066],[84.74121856700003,19.10666656500007],[84.75455474900008,19.08080482500003],[84.76958465700005,19.075805665000075],[84.70539093000008,18.987499237000065],[84.60871887200005,18.888334274000044],[84.54833221500007,18.78122139100003],[84.45041656500007,18.678333284000075],[84.36458587600004,18.574972152000043],[84.35083007800006,18.582056046000048],[84.33750152600004,18.562084198000036],[84.31830596900005,18.536249162000047],[84.33080291800007,18.531194688000028],[84.24663543700007,18.461250306000068],[84.14544677800006,18.360776901000065],[84.10832977300004,18.34869384700005],[84.11080932600004,18.29874992500004],[84.03916931100008,18.25872230600004],[83.99455261300005,18.237499237000065],[83.93836212100007,18.217889786000057],[83.90413665800008,18.20122146600005],[83.83580780000005,18.163749695000035],[83.78497314400005,18.143749238000055],[83.70999908400006,18.10455513100004],[83.66664123500004,18.07708358800005],[83.59586334200003,18.025388719000034],[83.55708313000008,18.021667480000076],[83.55416870100004,17.98041725300004],[83.47583007800006,17.917083740000066],[83.44541931200007,17.900833130000024],[83.41705322200005,17.832471849000058],[83.35455322200005,17.752500534000035],[83.28330230700004,17.689556123000045],[83.26494598400006,17.65122223000003],[83.21494293200004,17.590389252000023],[83.13916778600003,17.553722381000057],[83.08244323800005,17.53041648800007],[83.00622558600008,17.487472534000062],[82.92163848900003,17.44124984900003],[82.88874816900005,17.439945221000073],[82.86746978900004,17.422082902000056],[82.81749725300006,17.392084123000075],[82.65833282400007,17.31622314400005],[82.54244232200006,17.245416641000077],[82.43077850400005,17.158750535000024],[82.28708648700007,17.0],[82.25336456300005,16.937889099000074],[82.25077819800003,16.87536048900006],[82.28583526600005,16.864583969000023],[82.32997131400003,16.85375022900007],[82.35913848900003,16.824583053000026],[82.36458587700008,16.899944305000076],[82.34583282500006,16.96544456500004],[82.36538696300005,16.949167252000052],[82.36794281000005,16.85333251900005],[82.35539245600006,16.78247261200005],[82.34232330300006,16.741510392000066],[82.30029948000004,16.71398410300003],[82.30526041700006,16.69887736000004],[82.34120178200004,16.70469093300005],[82.34586334400007,16.69796943700004],[82.34911346600006,16.712739944000077],[82.35494232200006,16.714809419000062],[82.36286926400004,16.71467018100003],[82.35826873800005,16.72662925900005],[82.34615325900006,16.728689193000037],[82.36277771000005,16.70712089700004],[82.32206726100003,16.64115905700004],[82.31172943100006,16.602819443000044],[82.27773410400005,16.642171090000033],[82.25957845100004,16.676260308000053],[82.29054985900007,16.609649388000037],[82.26000213600008,16.562055589000067],[82.29497528100006,16.55788803100006],[82.25663757300003,16.549583435000045],[82.13727044500007,16.49362376600004],[82.04080200200008,16.450387955000053],[82.02913665700004,16.44458389400006],[81.96205902100007,16.406639099000074],[81.94080352800006,16.39291572600007],[81.85330200200008,16.37038803200005],[81.75994110100004,16.324583053000026],[81.72374725400005,16.334972381000057],[81.70664215100004,16.308750152000073],[81.67919159000007,16.327028274000043],[81.61328125000006,16.336250306000068],[81.54164123500004,16.352916719000063],[81.55265045100003,16.37143039700004],[81.47666931200007,16.352056504000075],[81.38500213600008,16.337083817000064],[81.30666351500008,16.302083969000023],[81.25250244100005,16.257083893000072],[81.20375061200008,16.180778503000056],[81.18827819800003,16.14291572700006],[81.19125366200007,16.09250068800003],[81.14871978800005,15.98744487700003],[81.12877655000005,15.981666565000069],[81.07913971000005,15.91705513100004],[81.02205657900004,15.853333474000067],[80.99586486800007,15.817083360000026],[81.02661132800006,15.76624965800005],[81.02494812000003,15.762916565000069],[81.00830841000004,15.757055282000067],[80.96827697800006,15.756278039000051],[80.96414184600008,15.742888451000056],[80.92958068800004,15.723305703000051],[80.92330932600004,15.71872234500006],[80.87247467100008,15.708749771000043],[80.83541870100004,15.720000268000035],[80.80791473400006,15.765832901000067],[80.78128051800007,15.854166984000074],[80.80872345000006,15.800000192000027],[80.77580261200006,15.863750459000073],[80.70827484100005,15.879555703000051],[80.63835907000004,15.877055168000027],[80.58002471900005,15.86538887100005],[80.52244567900004,15.857083320000072],[80.47164154100005,15.825388908000036],[80.40077972400007,15.786222458000054],[80.31500244200004,15.718750001000046],[80.26119232200006,15.660833360000026],[80.23622131300004,15.594139100000064],[80.21833038300008,15.531222343000024],[80.20833587600004,15.510416985000063],[80.20999908400006,15.496250152000073],[80.19625091500006,15.455833435000045],[80.12122345000006,15.362500192000027],[80.10791778600003,15.319167138000068],[80.08541870100004,15.24497223000003],[80.07166290300006,15.185388566000029],[80.05874633800005,15.12666702200005],[80.05039824600004,15.03903273700007],[80.06211090100004,14.978305818000024],[80.07785797100007,14.90913868000007],[80.08078002900004,14.808750154000052],[80.10461425800008,14.769166946000041],[80.11203003000008,14.739166261000037],[80.13952636700003,14.704138756000077],[80.15039062500006,14.688333511000053],[80.17036438000008,14.61663913700005],[80.13994598400006,14.56705570400004],[80.18958282400007,14.555000305000021],[80.17791748100007,14.468333246000043],[80.17036438000008,14.375833513000032],[80.14208221400008,14.276694299000042],[80.12958526600005,14.250805855000067],[80.13708496100008,14.24163913700005],[80.13038635300006,14.128305435000073],[80.12622070300006,14.066694261000066],[80.15122222900004,14.031639099000074],[80.17121887200005,13.983305932000064],[80.20369720500008,13.906639100000064],[80.23708343500005,13.834972382000046],[80.24958038300008,13.805000307000057],[80.23705291700009,13.71333313100007],[80.24205780000005,13.618332863000035],[80.28791809100005,13.515805244000035],[80.30997467000003,13.455416679000052],[80.32333374000007,13.400388719000034],[80.32705688500005,13.407500267000046],[80.32958221500007,13.409972191000065],[80.34541320800008,13.319999695000035],[80.32791900700005,13.232500078000044],[80.30791473400006,13.207471848000068],[80.32377624500003,13.201666832000058],[80.29788970900006,13.128333092000048],[80.30000305200008,13.08958339700007],[80.27997589100005,13.065416336000055],[80.27580261200006,13.009583474000067],[80.25955200200008,12.928305627000043],[80.24956589800007,12.851806301000067],[80.24536132800006,12.814971925000066],[80.23455810500008,12.829999924000049],[80.24246978700006,12.800389290000055],[80.24869537300003,12.756638527000064],[80.22458648700007,12.687444687000038],[80.18958282400007,12.585833549000029],[80.16455841100003,12.512499811000055],[80.15708160400004,12.46997261000007],[80.12708282500006,12.432499887000063],[80.05541992200006,12.32913875500003],[80.0,12.254555703000051],[80.01039123600003,12.253305436000062],[79.94708252100008,12.156639099000074],[79.87705230700004,12.04749965700006],[79.85121917700008,11.984110832000056],[79.83455658000008,11.924972534000062],[79.81996917700008,11.903721811000025],[79.81291961700003,11.873305322000022],[79.80541992100007,11.820805549000056],[79.79125213600008,11.749944687000038],[79.77625274600007,11.702472687000068],[79.77791595400004,11.695805549000056],[79.76205444300007,11.62083339700007],[79.76711273200004,11.519166946000041],[79.78372192500007,11.488277437000022],[79.81955719000007,11.392499925000038],[79.81786346500007,11.364166260000047],[79.78916931200007,11.370444299000042],[79.83702850300006,11.30333328200004],[79.84958648700007,11.23499965600007],[79.85952758800005,11.112500191000038],[79.85622406000005,11.009139061000042],[79.84583282600005,10.825416565000069],[79.85038757300003,10.743332864000024],[79.85455322200005,10.60827732100006],[79.86374664300007,10.476638794000053],[79.87372589100005,10.347499847000051],[79.87625122100008,10.318333626000026],[79.87288665800008,10.301666260000047],[79.84080505400004,10.276222229000041],[79.80202484100005,10.299972534000062],[79.72911071700008,10.325416565000069],[79.66705322400009,10.329999924000049],[79.63625335700004,10.35661125300004],[79.59874725400005,10.326666832000058],[79.56500244100005,10.332083703000023],[79.59577941900005,10.345417023000039],[79.53997039800004,10.339611053000056],[79.51747131300004,10.340416908000066],[79.49833679200003,10.341250419000062],[79.47086334200003,10.33958339700007],[79.46330261200006,10.329610824000042],[79.51916503900003,10.312055588000021],[79.45163726800007,10.317889215000037],[79.37163543700007,10.29286098600005],[79.30583190900006,10.265444757000068],[79.24285888700007,10.182499887000063],[79.23958587700008,10.129138948000048],[79.25375366200007,10.069167137000022],[79.22541809000006,10.00580596900005],[79.15625,9.923333169000045],[79.11413574200003,9.862889291000045],[79.08036041300005,9.80994415300006],[79.01166534400005,9.729583741000056],[78.97041320800008,9.652500154000052],[78.93705749600008,9.599971771000071],[78.92121887200005,9.539999961000035],[78.91038513200004,9.456639290000055],[78.99955749500003,9.345805168000027],[78.99583435100004,9.32955551300006],[79.03916931100008,9.312027931000046],[79.10997009300007,9.288749696000025],[79.17580413800005,9.284555436000062],[79.12413787900005,9.267889023000066],[79.04499816900005,9.262916566000058],[78.94586181600005,9.267889023000066],[78.88410949700005,9.253694534000033],[78.78833007800006,9.22622203800006],[78.72002410900006,9.18538856500004],[78.64955902100007,9.177472116000047],[78.61252594000007,9.144555092000076],[78.52333068900003,9.132082940000032],[78.48374939000007,9.128333091000059],[78.41000366200007,9.106222154000022],[78.36161041200006,9.067083360000026],[78.28083038300008,9.007916451000028],[78.25333404500003,8.99038887100005],[78.18205261200006,8.908333778000042],[78.16791534500004,8.827500343000054],[78.16208648700007,8.775028228000053],[78.13163757500007,8.760389329000077],[78.18585968000008,8.765388489000031],[78.18000030600007,8.747083665000048],[78.13708496200007,8.689167024000028],[78.11746978700006,8.642055511000024],[78.13122558600008,8.609167099000047],[78.13664245600006,8.593777656000043],[78.12372589100005,8.52747249600003],[78.08872223000003,8.445805551000035],[78.04413604900003,8.381221771000071],[78.01997375400003,8.356249809000076],[77.94083404600008,8.30288887000006],[77.87000274600007,8.264555932000064],[77.80000305200008,8.233722687000068],[77.74666595400004,8.175416946000041],[77.65333557200006,8.158749582000041],[77.60250091500006,8.145444870000063],[77.56708526600005,8.088333130000024],[77.50083160400004,8.082888603000072],[77.42497253400006,8.100388527000064],[77.35494232300005,8.121222497000076],[77.30083465600006,8.145416261000037],[77.22499847400007,8.192111017000059],[77.16580200200008,8.238750459000073],[77.06246948200004,8.314555168000027],[76.99494171100008,8.374583246000043],[76.96002960200008,8.421194078000042],[76.95622253400006,8.424139024000056],[76.89538574200003,8.494999887000063],[76.82872009300007,8.577472688000057],[76.74952697800006,8.676638603000072],[76.68872070300006,8.758333207000021],[76.64038848900003,8.824972153000033],[76.55999755900007,8.886221887000033],[76.56080627400007,8.926250458000027],[76.60166931200007,8.932888985000034],[76.58916473400006,8.94202804500003],[76.60372161800007,8.954999924000049],[76.62208557100007,8.956639290000055],[76.63327789300007,8.968694688000028],[76.65744781500007,8.963722229000041],[76.65419769200008,8.967055322000022],[76.64416503900003,8.97702789300007],[76.66000366300005,8.99038887100005],[76.63541412400008,8.991666795000071],[76.61127471900005,8.977472307000028],[76.58458709900003,8.979139329000077],[76.56330871600005,8.954527856000027],[76.57624816900005,8.976638794000053],[76.53663635200007,8.96119403800003],[76.53038787800006,8.959166527000036],[76.51538848800004,9.014139175000025],[76.46291351300005,9.137527466000051],[76.48455810500008,9.12663841400007],[76.49580383300008,9.166222573000027],[76.46875,9.147500038000032],[76.44208526700004,9.214138984000044],[76.43205261200006,9.22083378000002],[76.45252990700004,9.162888528000053],[76.43875122100008,9.189167024000028],[76.38705444400006,9.300833703000023],[76.38124847400007,9.31997203800006],[76.34622192400008,9.395860673000072],[76.32208252000004,9.466610908000064],[76.31036377000004,9.533333778000042],[76.29792022700008,9.621639252000023],[76.28538513100006,9.735833168000056],[76.27874755800008,9.773361206000061],[76.26039123500004,9.862472534000062],[76.24788665900007,9.924139022000077],[76.26288604700005,9.951639175000025],[76.26747131300004,9.97041702200005],[76.27458190900006,9.983361244000037],[76.25955200200008,10.022500038000032],[76.23039245600006,10.014166832000058],[76.23791504000008,9.983305932000064],[76.20036316000005,10.059166908000066],[76.18624877900004,10.113305093000065],[76.18041992200006,10.148305894000032],[76.19911193800004,10.18791675500006],[76.16291809100005,10.18166637400003],[76.14460754400005,10.231638908000036],[76.12786102300004,10.299972534000062],[76.09375,10.394139290000055],[76.04877472000004,10.490027428000076],[76.05708313000008,10.49244403800003],[76.04077911400003,10.532083513000032],[76.05836486800007,10.542916298000023],[76.02788543700007,10.529999733000068],[75.99955749500003,10.59497261000007],[75.95708465600006,10.688278198000035],[75.94122314400005,10.747471809000047],[75.92416381900006,10.784583091000059],[75.92663574200003,10.797082902000056],[75.91371917700008,10.793333053000026],[75.90458679200003,10.819138527000064],[75.89455413800005,10.875],[75.87708282500006,10.955833435000045],[75.85119628900003,11.046638488000042],[75.83374786300004,11.105777742000043],[75.86416626000005,11.127055168000027],[75.83039093000008,11.130027772000062],[75.82499694800003,11.154555321000032],[75.82003021200006,11.181221963000041],[75.78377533000008,11.21916675500006],[75.77625274600007,11.231638910000072],[75.75291442900004,11.29830551300006],[75.74622345000006,11.347472192000055],[75.72794342100008,11.361639023000066],[75.69955444300007,11.420805931000075],[75.62041473400006,11.475832939000043],[75.59877777100007,11.544138908000036],[75.59371948200004,11.577472687000068],[75.57794189500004,11.604139329000077],[75.53871917700008,11.68913841400007],[75.51622009300007,11.71997261200005],[75.48997497600004,11.76458358800005],[75.45835876400008,11.776222229000041],[75.44875335700004,11.789972305000049],[75.38163757300003,11.858750343000054],[75.33330535800008,11.897055627000043],[75.31246948200004,11.944582940000032],[75.32333374000007,11.947889329000077],[75.31080627400007,11.962082863000035],[75.29083252000004,11.987083435000045],[75.28125,11.965000154000052],[75.20788574200003,12.004972458000054],[75.16705322400003,12.07999992300006],[75.12958526600005,12.175805092000076],[75.11711120700005,12.214638710000031],[75.09291839600007,12.267472268000063],[75.05705261200006,12.352472305000049],[75.00708007800006,12.43419456600003],[74.98750305200008,12.47875022900007],[74.99497222900004,12.475417137000022],[74.96035766600005,12.534166337000045],[74.94039154000006,12.585833549000029],[74.91791534400005,12.63833332200005],[74.90041351300005,12.692472459000044],[74.86791992100007,12.750000001000046],[74.82538604700005,12.83833313100007],[74.86833190900006,12.832055092000076],[74.83122253400006,12.857472421000068],[74.82038879400005,12.876638412000034],[74.81705474900008,12.87416648900006],[74.81663513200004,12.932055473000048],[74.79460907000004,12.976638794000053],[74.77705383300008,13.07330513100004],[74.77786254900008,13.089111329000048],[74.76208496100008,13.115805626000054],[74.74624633800005,13.183305742000073],[74.73124694800003,13.238361360000056],[74.69541931100008,13.343277931000046],[74.69705200200008,13.353333473000077],[74.69125366200007,13.444167138000068],[74.70249939100006,13.408749580000062],[74.71499633800005,13.440388679000023],[74.69791412300003,13.465000152000073],[74.68289184600008,13.517472267000073],[74.67121887200005,13.600028038000062],[74.67958068900003,13.609167100000036],[74.69916534400005,13.635416986000052],[74.71583557100007,13.642916679000052],[74.68250274600007,13.66705513100004],[74.66874694800003,13.638305665000075],[74.64205932600004,13.694138527000064],[74.62875366300005,13.765832901000067],[74.61038971100004,13.847472191000065],[74.58583069000008,13.922916412000063],[74.54702758800005,13.945833206000032],[74.52375030500008,13.975805284000046],[74.51830291700003,14.023750306000068],[74.50661468500005,14.042083740000066],[74.48872375500008,14.08413887000006],[74.47705841000004,14.138305665000075],[74.45749664300007,14.196194650000052],[74.43458557100007,14.253333092000048],[74.45455932600004,14.247471809000047],[74.50583648700007,14.248722076000035],[74.46333313000008,14.274582862000045],[74.42708587700008,14.30666637400003],[74.41291809100005,14.323333740000066],[74.39955902100007,14.390805244000035],[74.38291931100008,14.416666984000074],[74.37205505400004,14.468305589000067],[74.36914062500006,14.52455520600006],[74.36997222900004,14.538749695000035],[74.35958099400005,14.54249954200003],[74.32669067400008,14.512888908000036],[74.29541778600003,14.580833435000045],[74.34333038300008,14.600444794000055],[74.32208251900005,14.609167100000036],[74.29000091600005,14.596194268000033],[74.28247070300006,14.64124965600007],[74.28833007800006,14.657860756000048],[74.26416778700008,14.702055932000064],[74.27041626000005,14.719111444000077],[74.21080780100004,14.730416299000069],[74.17830658000008,14.744583130000024],[74.15413665800008,14.742083551000064],[74.11872100800008,14.779166222000072],[74.11250305200008,14.801221849000058],[74.12916564900007,14.836250306000068],[74.16708374000007,14.825833321000061],[74.16747283900008,14.849611283000058],[74.11538696400004,14.840806009000062],[74.07416534400005,14.907055855000067],[74.04374694900008,14.933333398000059],[74.04792022700008,14.956666948000077],[74.03285980200008,14.994999885000027],[74.00336456300005,15.017055511000024],[73.98205566400003,15.051694870000063],[73.93080902100007,15.083722115000057],[73.93708038300008,15.117500306000068],[73.95627594000007,15.15747261000007],[73.93622589100005,15.19497203800006],[73.91041564900007,15.280777931000046],[73.88124847400007,15.362500192000027],[73.81416320800008,15.373749734000057],[73.78583526600005,15.41205597000004],[73.83911132800006,15.408721925000066],[73.88330841100003,15.429555893000042],[73.81414031900005,15.451250076000065],[73.81497192300003,15.49038887000006],[73.78916931200007,15.498749733000068],[73.76452636700003,15.521611215000064],[73.73377990700004,15.588305475000027],[73.75413513200004,15.625389099000074],[73.76619720500008,15.639194489000033],[73.71708679200003,15.643305780000048],[73.69875335700004,15.695833206000032],[73.70455932700008,15.730833053000026],[73.66583251900005,15.73455524600007],[73.66371917700008,15.756638527000064],[73.65372467000003,15.794166566000058],[73.62789154000006,15.851638794000053],[73.61333465600006,15.865361215000064],[73.58496856700003,15.910416603000044],[73.52333068800004,15.938694001000044],[73.50955200200008,15.987500191000038],[73.48872375500008,15.996639252000023],[73.45705413800005,16.05330467300007],[73.45952606200007,16.085805893000042],[73.47083282500006,16.13122177100007],[73.45872497600004,16.123332977000075],[73.43994140700005,16.197916032000023],[73.44458007800006,16.212444305000076],[73.41625213600008,16.252471924000076],[73.42124939000007,16.28747177100007],[73.39375305200008,16.314971924000076],[73.42500305100003,16.369556428000067],[73.37036132800006,16.36166572700006],[73.38333129900008,16.389554978000035],[73.45327758800005,16.40791702300004],[73.41666412400008,16.412082672000054],[73.36455535900006,16.417472840000073],[73.38169097900004,16.45208358800005],[73.33830261300005,16.477916719000063],[73.31788635300006,16.528305055000033],[73.34291839600007,16.549165725000023],[73.35372161900005,16.50333404500003],[73.38080596900005,16.507055283000057],[73.43080902100007,16.504554748000032],[73.37244415300006,16.518693924000047],[73.36330413800005,16.538722992000032],[73.38497161900005,16.55208397000007],[73.38500213800006,16.556278230000032],[73.34539032000004,16.566638947000058],[73.33416748000008,16.605388643000026],[73.35455322300004,16.614166260000047],[73.38291931100008,16.604166030000044],[73.39663696300005,16.614555358000075],[73.36955261200006,16.63080596900005],[73.33333587600004,16.63958358700006],[73.33208465600006,16.682500841000035],[73.32044220000006,16.70580482500003],[73.30705261200006,16.77163887000006],[73.34161377000004,16.784526825000057],[73.33247375500008,16.827917099000047],[73.29374694800003,16.833333969000023],[73.28794097900004,16.871665956000072],[73.28913879400005,16.895360948000075],[73.28289032000004,16.949138641000047],[73.30535888700007,16.960805893000042],[73.32707977300004,16.96747207800007],[73.29416656500007,16.98705482500003],[73.28541565100005,17.011667251000063],[73.26994323700006,17.044584275000034],[73.28833007800006,16.998777390000043],[73.32499694800003,17.032083511000053],[73.29039001500007,17.06583404500003],[73.28833007800006,17.077054977000046],[73.27330780000005,17.108778],[73.26372528100006,17.15833282600005],[73.24330902100007,17.196250915000064],[73.22660827600004,17.243722915000035],[73.20752716000004,17.266222001000074],[73.20541381800007,17.298334123000075],[73.25080871700004,17.28041649000005],[73.27205657900004,17.288305282000067],[73.27246856700003,17.29455566400003],[73.24372100800008,17.314971925000066],[73.22577667200005,17.349582673000043],[73.19830322300004,17.384555817000034],[73.18788909900007,17.411666870000033],[73.20664215100004,17.437084199000026],[73.18452453600008,17.496665954000036],[73.14580535900006,17.542083740000066],[73.16666412300003,17.572916032000023],[73.20913696300005,17.58455467400006],[73.16789245600006,17.582445146000055],[73.13458252000004,17.627527237000038],[73.12374877900004,17.661666871000023],[73.13708496100008,17.709972381000057],[73.11330413800005,17.785360336000053],[73.09330749500003,17.837110519000078],[73.10832977300004,17.84291648900006],[73.08080291800007,17.89458275000004],[73.05664062500006,17.925388337000072],[73.04333496100008,17.930416107000042],[73.03375244100005,17.962499620000074],[73.08580780000005,17.981250763000048],[73.04580688500005,17.98791694700003],[73.01958465600006,17.990804672000024],[73.02541351400004,18.028305054000043],[73.02205658000008,18.03247261200005],[72.99205780000005,18.05919456500004],[72.98036193900003,18.11080551300006],[72.99163818400007,18.158721924000076],[72.96708679200003,18.206638336000026],[72.94205474900008,18.241638183000077],[72.96875,18.274110794000023],[73.00164032000004,18.247083665000048],[73.07375335700004,18.209167482000055],[73.10208129900008,18.142444612000077],[73.08119201600005,18.218305588000078],[73.05747222900004,18.279556274000072],[73.08458709700005,18.321666717000028],[73.04663848900003,18.266250610000043],[72.99285888600008,18.275806427000077],[72.96994781600006,18.31538963500003],[72.93000030500008,18.347084047000067],[72.92786407500006,18.384971618000066],[72.90291595500008,18.44583320600003],[72.90953063900008,18.52913856600003],[72.96871948300003,18.529167175000055],[73.00291442800005,18.47583389400006],[72.93753051900006,18.542861940000023],[72.89708709700005,18.60247230500005],[72.88913726800007,18.637887956000043],[72.85708618100006,18.69416618500003],[72.86372375400003,18.784166337000045],[72.90914154000006,18.792943955000055],[72.98002624500003,18.78786087000003],[73.00330352800006,18.721221924000076],[72.98666381800007,18.792083740000066],[73.01000213600008,18.812915803000067],[72.98542022700008,18.856637956000043],[72.92292022700008,18.86330604500006],[72.93083190900006,18.910417558000063],[72.95708465600006,18.905834198000036],[72.95410919200003,18.947055817000034],[72.97538757400008,18.958360672000026],[72.99166870100004,18.967889785000068],[73.04250335700004,19.002056123000045],[73.06377410900006,19.013305665000075],[73.02455902100007,19.009971620000044],[73.0,19.016222001000074],[72.98664093000008,19.066278457000067],[72.98294067400008,19.09749984800004],[72.98711395200007,19.12666702300004],[72.98119354300007,19.18580627600005],[72.95622253400006,19.13997268600008],[72.94086456300005,19.09541702300004],[72.94747161900005,19.062055588000078],[72.93458557200006,19.02163887000006],[72.89122009300007,19.002445221000073],[72.86044311500007,18.98580551300006],[72.84455871600005,18.934972763000076],[72.83372497500005,18.910804748000032],[72.80913543700007,18.911222458000054],[72.80330658000008,18.946250915000064],[72.80538940400004,18.975805283000057],[72.83458709700005,19.02750015400005],[72.82205200200008,19.066638948000048],[72.82289123600003,19.11333274900005],[72.82411194000008,19.16291618300005],[72.80705261200006,19.15163803100006],[72.78871917700008,19.14663887200004],[72.80294799800004,19.204111099000045],[72.83789062500006,19.254138947000058],[72.80455780000005,19.219165802000077],[72.77791595500008,19.219999314000063],[72.78708648700007,19.288360597000064],[72.81788635300006,19.30083274800006],[72.88747406000005,19.296249389000025],[72.86746978800005,19.33369445900007],[72.82830810500008,19.33455467300007],[72.77083587700008,19.362888336000026],[72.75791931300006,19.428277969000078],[72.77833557100007,19.492082596000046],[72.84083557100007,19.517026901000065],[72.88747406000005,19.525388717000055],[72.83625030500008,19.52083397000007],[72.78791809200004,19.51749992500004],[72.72708129900008,19.53750038100003],[72.72164154100005,19.59375],[72.72416687000003,19.63208389400006],[72.71125030500008,19.684972763000076],[72.71121978800005,19.734111786000028],[72.69208526600005,19.794137956000043],[72.67247009300007,19.817054750000068],[72.68830871600005,19.86624908600004],[72.66625213600008,19.928277969000078],[72.72247314500004,19.967889786000057],[72.74500274700006,19.96372223000003],[72.71958160400004,20.00666618500003],[72.71583557200006,20.08122253500005],[72.74208068800004,20.172445297000024],[72.77666473400006,20.21205520600006],[72.75080871600005,20.252916336000055],[72.76583099400005,20.299554826000076],[72.81330871700004,20.354583740000066],[72.83833312900003,20.409555435000073],[72.83374786400003,20.44577789300007],[72.89205932600004,20.50333404500003],[72.88705444500005,20.54249954200003],[72.89624786400003,20.600833893000072],[72.91163635200007,20.637887954000064],[72.87458038400007,20.669166566000058],[72.84666442900004,20.743749618000038],[72.91413879400005,20.74538803100006],[72.86494445800008,20.74875068700004],[72.85832977300004,20.797056199000053],[72.83580780000005,20.792028427000048],[72.79792022700008,20.88580513000005],[72.82122039800004,20.922472],[72.84252929700006,20.949583053000026],[72.83288574200003,20.960805894000032],[72.80494689900007,20.950416566000058],[72.75452423200005,20.941610338000032],[72.73288726800007,21.01330566400003],[72.76333618200005,21.04794502200008],[72.77791595500008,21.053277971000057],[72.84872436500007,21.03247261000007],[72.80750274600007,21.07288932800003],[72.79914093000008,21.08458328200004],[72.74666595500008,21.085388183000077],[72.70872497600004,21.10833358900004],[72.76663970900006,21.158777238000027],[72.74794769400006,21.154167175000055],[72.68003082200005,21.158750534000035],[72.65166473400006,21.088750839000056],[72.62455749600008,21.098333359000037],[72.64788818400007,21.142471315000023],[72.625,21.147083284000075],[72.64330291700003,21.211221696000052],[72.69625091600005,21.19583320600003],[72.70333099400005,21.20458412100004],[72.66913604800004,21.23291587800003],[72.63410949700005,21.253694534000033],[72.63249969500004,21.28705596900005],[72.62208557100007,21.29497146700004],[72.60038757300003,21.28997230500005],[72.62913513200004,21.317028047000065],[72.62208557100007,21.332471849000058],[72.65294647200005,21.339971544000036],[72.68330383300008,21.355417251000063],[72.65203094500004,21.366611482000053],[72.66958618200005,21.41830635100007],[72.72750091500006,21.466222764000065],[72.75035858200005,21.439971925000066],[72.73872375500008,21.45249939100006],[72.69914245600006,21.469554901000038],[72.64913940400004,21.447082521000027],[72.68794250500008,21.507472992000032],[72.76416778600003,21.582889557000044],[72.82250213600008,21.61038970900006],[72.86083221600006,21.668750763000048],[72.91580200200008,21.667028427000048],[72.87830352700007,21.690416337000045],[72.79666900700005,21.66372299300008],[72.70833587700008,21.680416109000078],[72.64080810600007,21.68202781800005],[72.57080841100003,21.667888641000047],[72.53291320800008,21.71750068600005],[72.54958343500005,21.747499466000022],[72.57128143300008,21.800806047000037],[72.58994293200004,21.82958412200003],[72.60791778600003,21.875804902000027],[72.64372253400006,21.924943924000047],[72.70747375500008,21.937889099000074],[72.74375152600004,21.987472534000062],[72.71291351300005,21.95913887000006],[72.64746856700003,21.96544456500004],[72.58000183100006,21.928722382000046],[72.52747344900007,21.90622139100003],[72.50711059600008,21.94330596900005],[72.51036071800007,21.971666337000045],[72.52085876500007,21.99038887000006],[72.51914215100004,22.004554750000068],[72.51455688400006,22.027471542000058],[72.53202819800003,22.090805054000043],[72.55039215100004,22.152471543000047],[72.60832977300004,22.21372223000003],[72.67994690000006,22.197889329000077],[72.75580597000004,22.173721313000044],[72.78202819900008,22.213306427000077],[72.82166290300006,22.238721847000022],[72.82250213600008,22.25374984700005],[72.87330627500006,22.232860565000067],[72.89077758800005,22.26705551300006],[72.78205871600005,22.246665956000072],[72.72580719100006,22.23791694600004],[72.68663787800006,22.258693696000023],[72.60827636700003,22.285444260000077],[72.53375244100005,22.29497146600005],[72.53080749500003,22.283750534000035],[72.44541931100008,22.223333359000037],[72.42461395300006,22.23080635100007],[72.41044616700003,22.22083282600005],[72.39871978700006,22.291666032000023],[72.35622406000005,22.314138412000034],[72.34708404600008,22.285833360000026],[72.33413696300005,22.28619384900003],[72.33460998600003,22.261611938000044],[72.30458068800004,22.24083328200004],[72.29000091500006,22.243749620000074],[72.29291534500004,22.191638947000058],[72.30288696300005,22.122499466000022],[72.27041625900006,22.06497192300003],[72.22247314500004,22.01958274900005],[72.18291473400006,22.020833969000023],[72.23791503900003,21.994138717000055],[72.24497222900004,21.92374992500004],[72.18708038300008,21.947526932000073],[72.20166778500004,21.942111969000052],[72.24952697800006,21.910804750000068],[72.25622558600008,21.869138718000045],[72.24163818300008,21.806222915000035],[72.21453094500004,21.83413887100005],[72.19628143300008,21.835805894000032],[72.17916870100004,21.81538963400004],[72.19789123500004,21.805833816000074],[72.21708679200003,21.78747177200006],[72.23000335700004,21.760416030000044],[72.23294067400008,21.73580551300006],[72.24666595500008,21.70708274800006],[72.28619384800004,21.676666259000058],[72.30080413800005,21.61619377100004],[72.26372528100006,21.554138185000056],[72.24622345000006,21.481637956000043],[72.17041778600003,21.38252830500005],[72.09419250500008,21.312889100000064],[72.09619140600006,21.281694412000036],[72.08621978800005,21.233304977000046],[72.08496856800008,21.187084198000036],[72.01330566400003,21.14955520600006],[71.95996856700003,21.123167039000066],[71.89871978700006,21.11116600200006],[71.82330322300004,21.07083320600003],[71.78202819800003,21.064638138000078],[71.80661010700004,21.036693574000026],[71.76455688500005,21.06383323700004],[71.75577545100003,21.032667161000063],[71.75411224300007,21.020999909000068],[71.68494415300006,21.004388810000023],[71.62625122000003,20.981637956000043],[71.61164093000008,20.966222763000076],[71.56080627400007,20.94955635100007],[71.56208038500006,20.959167482000055],[71.54330444300007,20.957027435000043],[71.49294281000005,20.934165956000072],[71.49416351300005,20.91291618300005],[71.44747161800007,20.874555588000078],[71.38080597100003,20.872055055000033],[71.36333465600006,20.850389482000026],[71.30080413800005,20.834554672000024],[71.23833465600006,20.808721542000058],[71.19247436500007,20.783750535000024],[71.12416839600007,20.76038932800003],[71.10411071800007,20.757083893000072],[71.08247375500008,20.75374984700005],[71.07499694800003,20.742082596000046],[71.02586364700005,20.737028122000027],[70.97877502400007,20.724138261000064],[70.96666717500005,20.70294380200005],[70.90247345000006,20.697055818000024],[70.87205505400004,20.72247314400005],[70.83538818400007,20.699972153000033],[70.79750061000004,20.70708274800006],[70.71166992200006,20.734582901000067],[70.66419220000006,20.757917405000057],[70.65705871600005,20.775833130000024],[70.63416290300006,20.766250610000043],[70.56036377000004,20.795778276000078],[70.48586273200004,20.83619499300005],[70.41419220000006,20.87874984700005],[70.38583374000007,20.895360948000075],[70.33161163300008,20.922945024000057],[70.23786163500006,20.992471696000052],[70.14336395200007,21.067888260000075],[70.09252929700006,21.11124992500004],[69.98288726800007,21.22411155700007],[69.88119506900006,21.33833313100007],[69.77705383300008,21.454944612000077],[69.80374908500005,21.45413970900006],[69.74786376900005,21.488306046000048],[69.61164093000008,21.627056123000045],[69.49080657900004,21.717889786000057],[69.44914245600006,21.76286125200005],[69.37372589100005,21.828277589000038],[69.38669586200007,21.85705566400003],[69.33577728300008,21.847917556000027],[69.25958251900005,21.914167406000047],[69.20708465600006,21.971666337000045],[69.15752410900006,22.024583816000074],[69.08041381900006,22.108304977000046],[68.98874664300007,22.200000763000048],[68.95705413800005,22.25580597000004],[68.94999694900008,22.330389023000066],[68.98664093100007,22.402915956000072],[69.03247070300006,22.453722],[69.06996917700008,22.451250078000044],[69.03955841000004,22.398305893000042],[69.05452728300008,22.39163970900006],[69.08166503900003,22.38711166400003],[69.13410949700005,22.399583817000064],[69.17208099300007,22.414167405000057],[69.19580841000004,22.402027131000068],[69.17919158900008,22.375389099000074],[69.17663574200003,22.36624908400006],[69.16416931100008,22.347055436000062],[69.17458343500005,22.286638260000075],[69.25910949700005,22.268749237000065],[69.31747436500007,22.29125022900007],[69.34247589100005,22.325387954000064],[69.42747497500005,22.319555284000046],[69.48705291700003,22.34083366400006],[69.52285766600005,22.38913917700006],[69.51000213600008,22.425388337000072],[69.54997253400006,22.39455604500006],[69.55919647200005,22.35455513000005],[69.57499694800003,22.344554901000038],[69.58122253400006,22.344139100000064],[69.60749816900005,22.347084047000067],[69.61208343500005,22.351667405000057],[69.66083526600005,22.32955551300006],[69.66205596900005,22.392471313000044],[69.70833587600004,22.43375015400005],[69.73458099300007,22.461694718000047],[69.74163818400007,22.428722381000057],[69.78833007800006,22.404527664000057],[69.83663940400004,22.44874954200003],[69.90789032000004,22.45249939100006],[69.91286468500005,22.460832596000046],[69.93252563500005,22.50958251900005],[69.95583343500005,22.505388260000075],[69.96499633800005,22.535388948000048],[70.00622558600003,22.542499544000066],[70.03205871600005,22.55333328200004],[70.08247375500008,22.549554826000076],[70.12041473400006,22.540000917000043],[70.12580871600005,22.549554826000076],[70.16705322300004,22.549999237000065],[70.18413543700007,22.57374954200003],[70.20666503900003,22.57208251900005],[70.21128082200005,22.58333397000007],[70.20916748000008,22.605388641000047],[70.22869110100004,22.627500534000035],[70.25663757300003,22.683721542000058],[70.27163696300005,22.686222077000025],[70.26750183100006,22.700445176000073],[70.26583099400005,22.721277237000038],[70.31791687000003,22.762472153000033],[70.33205413800005,22.819139481000036],[70.34872436500007,22.876638412000034],[70.41497039800004,22.921194076000063],[70.44750213600008,22.957027437000022],[70.43452453600008,22.974138261000064],[70.39208221600006,22.940000534000035],[70.31580352800006,22.937084199000026],[70.24497222900004,22.971250534000035],[70.22413635200007,23.054582596000046],[70.22041320900007,23.011638641000047],[70.22294616700003,22.96413803200005],[70.16247558600003,22.942054750000068],[70.12538909900007,22.98833275000004],[70.11416626000005,22.948722840000073],[70.11330413800005,22.921194076000063],[70.06666564900007,22.918750763000048],[70.00455474800003,22.916639329000077],[69.96499633800005,22.89708328200004],[69.91327667200005,22.887083055000062],[69.89080810700005,22.903722764000065],[69.85333252000004,22.86205482500003],[69.80330658100007,22.847917557000073],[69.79039001500007,22.841611863000026],[69.74624633800005,22.825834274000044],[69.74124908500005,22.794137956000043],[69.72830200200008,22.779556274000072],[69.71163940500003,22.751249314000063],[69.71205902100007,22.739139557000044],[69.66291809100005,22.76499939000007],[69.63166809100005,22.754554748000032],[69.58994293200004,22.75952720600003],[69.55371856700003,22.779111863000026],[69.51750183100006,22.785360336000053],[69.49336242700008,22.780389787000047],[69.4375,22.783721924000076],[69.36335754400005,22.81786155700007],[69.35661315900006,22.840415956000072],[69.34833526600005,22.817888261000064],[69.32077789300007,22.83791732800006],[69.26164245600006,22.823749543000076],[69.22624969500004,22.86000061200008],[69.20455932700008,22.83827781800005],[69.17375183100006,22.85494422900007],[69.13749694800003,22.89291572700006],[69.08625030500008,22.901666642000066],[69.08125305100003,22.926666260000047],[69.06458282500006,22.91911125200005],[69.00997161900005,22.951250078000044],[68.99913787800006,22.950387955000053],[68.96041870200008,22.969999314000063],[68.90652465800008,23.00202751300003],[68.82822418200004,23.047861099000045],[68.77908325200008,23.074527742000043],[68.66241455000005,23.145334244000026],[68.67322540200007,23.142833711000037],[68.70571899400005,23.13705635200006],[68.65155792200005,23.173721315000023],[68.63322448800005,23.180389406000074],[68.60366821300005,23.234972001000074],[68.61822509700005,23.21786117700003],[68.63075256300004,23.244556427000077],[68.65405273400006,23.266250610000043],[68.62611389200003,23.28327751200004],[68.67158508300008,23.300416948000077],[68.63369751000005,23.308305740000037],[68.62117004400005,23.343305588000078],[68.61952972400007,23.335805893000042],[68.57158660900006,23.36291694700003],[68.59947204500008,23.365804672000024],[68.56160736100003,23.393693924000047],[68.53575134300007,23.412889480000047],[68.52158355700004,23.44622230500005],[68.50824737600004,23.492055893000042],[68.45911407500006,23.478776932000073],[68.48161315900006,23.51625061200008],[68.46827697800006,23.550388336000026],[68.42539215100004,23.509166718000074],[68.44741821300005,23.567054748000032],[68.46869659400005,23.613306047000037],[68.52494812000003,23.688749313000073],[68.59535980200008,23.740861894000034],[68.67536163300008,23.8125],[68.71910858100006,23.827110292000043],[68.79283142100007,23.870000841000035],[68.78575134300007,23.867139817000066],[68.76616668700007,23.862499237000065],[68.68619537400008,23.850027084000033],[68.64910888700007,23.84130477900004],[68.61330413800005,23.821306228000026],[68.54039001400008,23.760026932000073],[68.51869201700003,23.76086044400006],[68.46455383300008,23.771722793000038],[68.44247436500007,23.73711204500006],[68.44455719000007,23.806694031000063],[68.40660858200005,23.757917404000068],[68.41449737500005,23.69580650300003],[68.38410949700005,23.624584198000036],[68.39282989500003,23.60913848900003],[68.37452697700007,23.599193573000036],[68.30496978800005,23.573778152000045],[68.26953125000006,23.588306427000077],[68.26955414000008,23.619138719000034],[68.24663543700007,23.567888261000064],[68.17705535900006,23.629972458000054],[68.19997406000005,23.639554977000046],[68.23413848800004,23.63958358900004],[68.27991485600006,23.669610978000037],[68.32872009300007,23.71836090100004],[68.34539032000004,23.740861894000034],[68.30161285400004,23.725471498000047],[68.26535797100007,23.72083282400007],[68.26541900600006,23.680833816000074],[68.22327423100006,23.69544410800006],[68.21453094500004,23.762500764000038],[68.23080444300007,23.834611893000044],[68.26622009300007,23.859222413000055],[68.279445,23.91706602100004],[68.35047588000003,23.967407971000057],[68.39806140000007,23.97014882600007],[68.73235344700004,23.971350263000033],[68.76506050100005,24.188586306000047],[68.83080000100006,24.311520001000076],[68.85673894000007,24.21388256700004],[68.91275,24.28419],[68.97858836200004,24.243956737000076],[69.07256,24.25977],[69.1503,24.2532],[69.26737,24.26419000100003],[69.37638,24.26937],[69.47558,24.26986000100004],[69.58445,24.28937],[69.67388,24.22205],[69.77163,24.17104],[69.89833,24.171030001000076],[70.02502,24.171030001000076],[70.09282,24.25714],[70.18267,24.30941000100006],[70.28915,24.342080001000056],[70.39205,24.3606],[70.50746,24.40096],[70.59771,24.41047000100008],[70.56928,24.33358],[70.57134000100007,24.25175],[70.68432,24.21972],[70.79566,24.22067],[70.90668,24.2594],[70.90936,24.31812],[70.99057,24.361500001000024],[71.08428,24.394520001000046],[71.08514,24.436640001000058],[70.99696,24.469010001000072],[70.9882,24.54644],[71.01897,24.63882],[71.09061,24.67978],[71.02879416400003,24.80217601100003],[70.94402247400006,24.925528832000055],[70.89786808200006,25.09761039800003],[70.80900076500006,25.22304884500005],[70.74075701700008,25.318406218000064],[70.66482306000006,25.39689362200005],[70.67707467600007,25.50901219600007],[70.67234026700004,25.640067729000066],[70.63678176200006,25.71330104900005],[70.48976202400007,25.68412025300006],[70.27560196400003,25.71079703600003],[70.16782552200004,25.838036935000048],[70.09849577300008,25.94555820900007],[70.15578722700008,26.18928155800006],[70.17736501400003,26.33726076800008],[70.18011053900005,26.45347288100004],[70.13802404000006,26.571991154000045],[69.94921680500005,26.583633690000056],[69.75379376800004,26.62965891400006],[69.51030040000006,26.74353908300003],[69.49831637500006,26.871978846000047],[69.52203709700007,27.03023911200006],[69.58288692100007,27.173878992000027],[69.67012610400008,27.251491121000072],[69.76022685800007,27.321066286000075],[69.86288804100008,27.402154334000045],[69.97138850200008,27.527021284000057],[70.04537472600003,27.604813424000042],[70.08758757100003,27.700392027000078],[70.19775718000005,27.867191181000067],[70.30954878400007,27.948165263000078],[70.46402425900004,28.027337573000068],[70.67841101900007,27.898765704000027],[70.73892635800007,27.744160934000035],[70.80971102500007,27.713961848000054],[70.94366136900004,27.725540143000046],[71.04892377000004,27.76918459700005],[71.17301112900003,27.82213440700008],[71.42909831700007,27.873446271000034],[71.59816536700004,27.877058701000067],[71.73964559600006,27.905189733000043],[71.84546043900008,27.943856683000035],[71.90775899900007,28.01431079200006],[71.97192460800005,28.17794007300006],[72.16168454500007,28.34610221300005],[72.25067299100004,28.52460764400007],[72.29543121200004,28.65762888000006],[72.35638789300003,28.735150014000055],[72.44371932900003,28.798175171000025],[72.52522430000005,28.836605054000074],[72.60951904200004,28.88216003200006],[72.69773044400006,28.929179434000048],[72.81670351400004,28.979363732000024],[72.90785106200008,29.013522151000075],[72.97951980700003,29.098990146000062],[73.03455578500007,29.184173157000032],[73.11490546300007,29.287851835000026],[73.16664086700007,29.37577061500008],[73.26487802500003,29.54269612300004],[73.30388958500004,29.640580009000075],[73.33273605500005,29.73112626900007],[73.394357,29.938585],[73.50854274200003,29.986765422000076],[73.59971111800007,30.019570544000032],[73.68568858900005,30.03978545600006],[73.77043863800003,30.059403191000058],[73.83434751500005,30.096681704000048],[73.89672088200007,30.141206843000077],[73.96932489700004,30.195619020000038],[73.95800310000004,30.273095984000065],[73.92129973200008,30.328606341000068],[73.88215444400004,30.358450851000043],[73.90492003500003,30.37556129400008],[73.92011748400006,30.39607835700008],[73.94031242700004,30.405737335000026],[73.95678699800004,30.421085591000065],[73.97384361800005,30.444244895000054],[73.92650576800008,30.438913292000052],[73.93284683200005,30.48420978000007],[73.94589573300004,30.46819369800005],[73.96981073900008,30.475215008000077],[74.01545169000008,30.51410702700008],[74.05175848500005,30.531537350000065],[74.08120312100004,30.533440948000077],[74.08555215300004,30.565147479000075],[74.12670467600003,30.624078444000077],[74.16692322200004,30.64882682600006],[74.19538896200004,30.66682129900005],[74.21569916100003,30.69054682700005],[74.22458293400007,30.712196282000036],[74.24156699300005,30.723302386000057],[74.26241172700003,30.723775020000062],[74.28148713600007,30.730848664000064],[74.27174023700007,30.75615777300004],[74.28023900200003,30.773992187000033],[74.30165977600006,30.789675567000074],[74.31084161300004,30.819356275000075],[74.32124104000007,30.83735888600006],[74.33513176800005,30.85081131800007],[74.34531715700007,30.854280751000033],[74.36947957500007,30.857342285000072],[74.36177631900006,30.87787232900007],[74.38732089900003,30.899718848000077],[74.42442542600008,30.915920932000063],[74.42454048800005,30.924207083000056],[74.42111989200004,30.94106196000007],[74.45432460300003,30.952299563000054],[74.46918945100003,30.969543078000072],[74.49203258900008,30.974335675000077],[74.51508094400003,30.977844248000054],[74.54177773600003,31.001617984000063],[74.55738542600005,31.03805256100003],[74.56135048800007,31.047924377000072],[74.58852952000007,31.050750906000076],[74.61637747500004,31.044276771000057],[74.65826393300006,31.050258718000066],[74.69394481700004,31.083068962000027],[74.69728132200004,31.102538953000078],[74.68238269400007,31.127127879000057],[74.65304287900005,31.12943222100006],[74.63190684200003,31.126663251000025],[74.61052060100008,31.133600828000056],[74.60108725000003,31.12112640500004],[74.61046234600008,31.103404557000033],[74.60289221300008,31.09319548800005],[74.59099099700006,31.091457388000038],[74.57985162400007,31.086819336000076],[74.55978764000008,31.083062918000053],[74.54924925800003,31.10069099100008],[74.54849892200008,31.122038986000064],[74.52381024600004,31.129437884000026],[74.51364568700006,31.139206598000044],[74.51245411400004,31.156963576000066],[74.50992129400004,31.174125851000042],[74.52016461400007,31.186760063000065],[74.52536115400005,31.205346016000078],[74.52294865600004,31.22086723500007],[74.52570850900008,31.237625008000066],[74.52698810700008,31.258940180000025],[74.52644941100004,31.276775435000047],[74.53466173800007,31.293226401000027],[74.54166589800008,31.30536319500004],[74.52712050700006,31.311239060000048],[74.53748370800008,31.319219899000075],[74.53880665600008,31.33063674300007],[74.54786923000006,31.336789121000038],[74.55112573000008,31.351846944000044],[74.55263329300004,31.365337629000066],[74.56989945800007,31.372289069000033],[74.58482206600007,31.38080554800007],[74.59101615600008,31.401845906000062],[74.60231431900007,31.415591629000062],[74.60989854300004,31.423256081000034],[74.62515869300006,31.42959766900003],[74.63586414500008,31.418796973000042],[74.64768673900005,31.423144429000047],[74.648227,31.432223386000032],[74.63862896600006,31.444169153000075],[74.65293410100008,31.45444020900004],[74.64546257300003,31.467631053000048],[74.63666859100005,31.476660993000053],[74.62777334600008,31.476864118000037],[74.63312680300004,31.48222833500006],[74.63205204000008,31.486493385000074],[74.62256587300004,31.482463487000075],[74.61374040300007,31.493426404000047],[74.60348675200004,31.49989881600004],[74.59418185100003,31.49687179700004],[74.57863710700008,31.498399686000027],[74.58049586800007,31.498898413000063],[74.58014517500004,31.507002783000075],[74.58049935900004,31.510964012000045],[74.58896752000004,31.521418888000028],[74.60383051900004,31.523957644000063],[74.61398039600004,31.536095371000044],[74.61692167900003,31.551329803000044],[74.60924911900008,31.561283467000067],[74.61167317800005,31.566559186000063],[74.60691409500004,31.570080975000053],[74.58533907800006,31.581370483000057],[74.58081422600003,31.591057007000074],[74.57630820000008,31.598564554000063],[74.57263052900004,31.60556529400003],[74.55467324600005,31.613192239000057],[74.54641805200004,31.633145268000078],[74.54232401600007,31.647071433000065],[74.53842186400004,31.656829612000024],[74.52939832700008,31.66893684400003],[74.53199551900008,31.68108493400007],[74.51725903200008,31.688536140000053],[74.50214065400007,31.696981727000036],[74.48662495500008,31.715053800000078],[74.50303303200008,31.72844929400003],[74.53591331800004,31.74840161700007],[74.55972494100007,31.75928960300007],[74.55459589000003,31.774034947000075],[74.56334306400004,31.79497819200003],[74.56081123300004,31.806764827000052],[74.57066141200005,31.833835951000026],[74.59169316700007,31.855482075000054],[74.60917382900004,31.875684553000042],[74.63807728900008,31.887609716000043],[74.65691800400003,31.901376878000065],[74.66782746400008,31.91855326600006],[74.67709497500005,31.926225405000025],[74.70419711600005,31.922127197000066],[74.71516039500005,31.936232285000074],[74.73435142400007,31.945324621000054],[74.75560059300005,31.95376963600006],[74.79467895600004,31.95829670100005],[74.82387365200003,31.968021282000052],[74.85312570000008,32.013394995000056],[74.87639012600005,32.03410452400004],[74.88200962200006,32.053038654000034],[74.90476227300007,32.05028870900003],[74.92029743000006,32.06322222700004],[74.94333653100006,32.06391216700007],[74.97498845800004,32.052022495000074],[75.00340262900005,32.042065311000044],[75.03141428700008,32.05050360700005],[75.04724352700003,32.04770037500003],[75.06471939200003,32.05816559200008],[75.07303161900006,32.059736789000056],[75.09838662300007,32.06456059800007],[75.11903601300008,32.07538685000003],[75.16587199700007,32.072793915000034],[75.19380377500005,32.08318421300004],[75.19704516900003,32.09314444700004],[75.20365393400004,32.115953442000034],[75.21976721800007,32.10898184600006],[75.23699749400004,32.09119812200004],[75.26503952500008,32.105030234000026],[75.27861031700007,32.116890641000055],[75.28296904900003,32.145526750000045],[75.30456907200005,32.16640062400006],[75.31703548500008,32.18331647400004],[75.32812343800003,32.21533464400005],[75.35222569800004,32.21791007600007],[75.36702341300008,32.22475388700008],[75.37145195300008,32.24200676600003],[75.37309121100003,32.26390715900004],[75.37667169500008,32.27449971900006],[75.35202957100006,32.27914431800008],[75.34476301000007,32.29182609500003],[75.33076664200007,32.307539183000074],[75.33579038000005,32.32384759400003],[75.31936953100006,32.34352215900003],[75.30007874400007,32.35148769600005],[75.28963137400007,32.35580008100004],[75.28815327300003,32.359009223000044],[75.28724956000008,32.36073803000005],[75.28705243800005,32.36282750200007],[75.26331152800003,32.37191076400006],[75.25688202100008,32.386386705000064],[75.23185018900006,32.39183623200006],[75.19281965300007,32.401005127000076],[75.20016941300008,32.41813833600003],[75.18853615200004,32.42637440100003],[75.15657125300004,32.42032285800008],[75.13039940500005,32.41621690100004],[75.12291534900004,32.44084412600006],[75.10963249700006,32.46770848500006],[75.08440808900008,32.469408144000056],[75.04646063700005,32.487047752000024],[75.02109861300005,32.48734443700005],[75.00961705000003,32.46358235800005],[74.99269900500008,32.45261541100007],[74.97008483900004,32.45921946400006],[74.94905146700006,32.446982871000046],[74.94310452900004,32.45940540600003],[74.92509786500005,32.46815871800004],[74.90661046600007,32.47258831200003],[74.88089546400005,32.47561718600008],[74.88000511800004,32.48429067300003],[74.867609,32.485132],[74.862513,32.490368],[74.853911,32.492518],[74.848379,32.490150001000075],[74.844156,32.491739],[74.83916576700005,32.49427137200007],[74.83483045800006,32.49485134500003],[74.82934854000007,32.49504446200007],[74.82027922700007,32.499100602000055],[74.80382283200004,32.48254963000005],[74.77632670800006,32.48117764500006],[74.75126637400007,32.47887379400004],[74.72999892800004,32.481023556000025],[74.71712831400004,32.477161710000075],[74.71268487200007,32.48879900900005],[74.69825537000008,32.49024589900006],[74.68646617900004,32.489579939000066],[74.68546657900004,32.49947242600007],[74.68322564000005,32.51209667100005],[74.69058298900006,32.531835572000034],[74.67218841600004,32.539632647000076],[74.66126835500006,32.55296507400004],[74.67407037100008,32.55770963000003],[74.66905662200008,32.56831834700006],[74.66583301200006,32.56561229300007],[74.66141919900008,32.56426230400007],[74.65706825100006,32.56471187000005],[74.65197867800003,32.56310432600003],[74.65399268600004,32.58133213700006],[74.65572147200004,32.591376593000064],[74.64489361300008,32.598833057000036],[74.63880768900003,32.61177386000003],[74.65501487500006,32.62276620500006],[74.65545960300005,32.63270158800003],[74.66995588000003,32.64019635400007],[74.68053981500003,32.65117552000004],[74.69593781100008,32.66502081600004],[74.66182423700008,32.684747859000026],[74.65802535500006,32.71197446200006],[74.66273809500007,32.72692722900007],[74.66593838200004,32.74651622300007],[74.67610002000004,32.76006038500003],[74.68004608000007,32.77460692300008],[74.69447180500003,32.80231106400004],[74.70481616900008,32.818495889000076],[74.70525128500003,32.84195468900003],[74.67997903400004,32.83487152600003],[74.65863935100003,32.82985342000006],[74.63667629900004,32.81282364100008],[74.64282652200006,32.79632612900008],[74.65393810600006,32.78059405400006],[74.63272592200008,32.77480398200004],[74.63701950100005,32.75991111700006],[74.63559193500004,32.75116436600007],[74.62185296600006,32.759945224000035],[74.60191923100007,32.75678723500005],[74.58993934200004,32.75108757600003],[74.57479617900003,32.75141988900003],[74.55559322700003,32.75866948600003],[74.54443226400008,32.745141560000036],[74.53739445400004,32.74774006600006],[74.52333412800004,32.748471101000064],[74.51315479500005,32.751815986000054],[74.49436279700006,32.76568721000007],[74.46030661100008,32.78589880100003],[74.40651218400006,32.77105097000003],[74.29395134000004,32.82818132800003],[74.13185134000008,32.90198132800003],[73.97220794800006,32.98206027100008],[73.816154,33.010344],[73.729669,33.064044],[73.62928650100008,33.10341508300007],[73.64488,33.234186],[73.592311,33.413372],[73.62582508700007,33.549341233000064],[73.577049,33.651345],[73.57960886600006,33.77116359300004],[73.566874,33.797746],[73.57302893500008,33.81715371800004],[73.58009447000006,33.83625320400006],[73.59419652900004,33.887251416000026],[73.56429216100008,33.926866594000046],[73.53634783900003,33.973559762000036],[73.495085,34.135204],[73.42605361900007,34.34215395600006],[73.43191747600008,34.44383824300007],[73.47982450000006,34.57101650000004],[73.636399,34.564799],[73.686706,34.691981],[73.85289024300005,34.81464191300006],[74.02190114800004,34.87399407400005],[74.081255,35.062789500000065],[74.00301516800005,35.18464451800003],[73.78507090800008,35.233894382000074],[73.69286950000003,35.33259],[73.79447,35.44904450000007],[73.63167075100006,35.53769441800006],[73.41783134500008,35.525107569000056],[73.353013,35.621944],[73.23596450000008,35.667694],[73.11751613700005,35.76328734900005],[73.19793125800004,35.83050412800003],[73.03453041000006,35.84889975100003],[72.874124,35.875649],[72.76653282200004,35.842713006000054],[72.64812186400007,35.831648664000056],[72.53765751100008,35.89082250000007],[72.56813340600007,36.01230667200008],[72.54054947600008,36.189532676000056],[72.66766152300005,36.266246943000056],[72.79391444400005,36.34978674200005],[73.01018755800004,36.52446873400004],[73.19378211800006,36.72351142600007],[73.71544755000008,36.724701906000064],[73.76595125700004,36.83996846200006],[73.842408,36.90725],[74.24261111200008,36.90547103200004],[74.704166,37.09759],[74.939176,36.947994],[75.18331,36.99143],[75.4232,36.895558],[75.58576860000005,36.77214370000007],[75.969014,36.521542],[77.06860803200004,35.779936015000146],[77.51873419405028,35.48565732389375]]],[[[93.84583282500006,7.244555475000027],[93.88205719000007,7.209111213000028],[93.89289093000008,7.160777569000061],[93.89910888600008,7.085361004000049],[93.92208099300007,7.034138679000023],[93.94541931200007,7.001638889000048],[93.94911193900003,6.959555626000054],[93.91247558600008,6.907888891000027],[93.90872192400008,6.840805531000058],[93.90002441400009,6.799583436000034],[93.85955810600007,6.796666622000032],[93.84247589100005,6.752916814000059],[93.82622528100006,6.797472],[93.80371856700003,6.841610910000043],[93.79499816900005,6.884527684000034],[93.76583099300007,6.907111169000075],[93.74833679200003,6.958722114000068],[93.71827697900005,6.999583246000043],[93.67121887200005,7.014111042000025],[93.66705322300004,7.076611042000025],[93.66038513200004,7.123305320000043],[93.69080352800006,7.18869447700007],[93.75622558600008,7.209944248000056],[93.81205749500003,7.208305360000054],[93.83666992200006,7.237027646000058],[93.84583282500006,7.244555475000027]]],[[[93.73622131300004,7.423250200000041],[93.77369689900007,7.371611120000068],[93.74622345000006,7.319972040000039],[93.68872070300006,7.270777704000068],[93.65122222900004,7.297472],[93.64536285500009,7.356638908000036],[93.69080352800006,7.376222133000056],[93.71955871600005,7.410805702000062],[93.73542022700008,7.424110889000076],[93.73622131300004,7.423250200000041]]],[[[93.37750244100005,8.021249772000033],[93.41958618200005,7.961638927000024],[93.46369171200007,7.898222446000034],[93.42658233600008,7.900333404000037],[93.36494445800008,7.880361080000057],[93.34577941900005,7.924527645000069],[93.34619140600006,7.934138775000065],[93.30952453600008,7.950749874000053],[93.37330627400007,8.020388603000072],[93.37750244100005,8.021249772000033]]],[[[93.56749725300006,8.026194572000065],[93.59455871600005,7.957444667000061],[93.55664062500006,7.952000141000042],[93.54125213600008,8.005000116000076],[93.56458282600005,8.00327777800004],[93.56749725300006,8.026194572000065]]],[[[93.59788513200004,8.112500192000027],[93.61374664300007,8.049972534000062],[93.58205413800005,8.095805168000027],[93.59788513200004,8.112500192000027]]],[[[93.53747558600008,8.236222267000073],[93.53663635200007,8.174611093000067],[93.52371978700006,8.13500022900007],[93.55416870100004,8.092055322000022],[93.55080413800005,8.039555550000046],[93.52208709700005,8.014944076000063],[93.49749755800008,8.043749809000076],[93.52288818300008,8.064971924000076],[93.54663848900003,8.067083359000037],[93.52458190900006,8.074166298000023],[93.49208068800004,8.074138641000047],[93.47955322300004,8.119138718000045],[93.47663879400005,8.183694841000033],[93.52246856700003,8.232916833000047],[93.53747558600008,8.236222267000073]]],[[[93.25455475000007,8.234167100000036],[93.22833252100008,8.258694649000063],[93.25455475000007,8.234167100000036]]],[[[73.06080627400007,8.277916909000055],[73.03997039800004,8.272083283000029],[73.07205200200008,8.309139252000023],[73.06080627400007,8.277916909000055]]],[[[93.13085937500006,8.35455513100004],[93.13291931100008,8.290778161000048],[93.19914245600006,8.222861291000072],[93.17082977300004,8.201222420000022],[93.11250305200008,8.241222383000036],[93.09958648700007,8.324972153000033],[93.13085937500006,8.35455513100004]]],[[[93.07913970900006,8.428777694000075]]],[[[93.62789154100005,8.52913856500004],[93.64375305200008,8.465806007000026],[93.62541961700003,8.427472114000068],[93.62875366200007,8.500805856000056],[93.62541961700003,8.538332940000032],[93.62789154100005,8.52913856500004]]],[[[92.78035736100009,9.246722223000063],[92.82536316000005,9.192527771000073],[92.80664062500006,9.119638443000042],[92.72824859600007,9.127111435000074],[92.72039032000004,9.210833551000064],[92.77371978800005,9.241722107000044],[92.78035736100009,9.246722223000063]]],[[[72.28163909900007,10.032083513000032]]],[[[73.64871978800005,10.070860864000053],[73.65041351300005,10.093305588000021],[73.64871978800005,10.070860864000053]]],[[[73.66244506800007,10.127916336000055]]],[[[72.61003112800006,10.55872249600003],[72.61497497500005,10.577055932000064],[72.61003112800006,10.55872249600003]]],[[[72.52913665700004,10.785416604000034]]],[[[73.67580413800005,10.816222192000055],[73.66583251900005,10.802861215000064],[73.67580413800005,10.816222192000055]]],[[[72.19999694800003,10.881250383000065],[72.17455291700003,10.856638910000072],[72.19999694800003,10.881250383000065]]],[[[92.54914093000008,10.880389213000058],[92.57913970900006,10.862055779000059],[92.59205627400007,10.794138910000072],[92.58750152600004,10.787860870000031],[92.61497497600004,10.772055626000054],[92.61872100800008,10.705778122000027],[92.59288787800006,10.651666641000077],[92.54869079600007,10.587444306000066],[92.55119323700006,10.541610718000072],[92.50666809100005,10.507027626000024],[92.43164062500006,10.544528007000054],[92.38619232200006,10.54330539800003],[92.41205596900005,10.642472267000073],[92.38541412400008,10.72999954200003],[92.40830230700004,10.78872203800006],[92.46244812000003,10.842055322000022],[92.51496887200005,10.869555475000027],[92.54080200300007,10.895360947000029],[92.54914093000008,10.880389213000058]]],[[[72.28830719100006,10.934583665000048]]],[[[72.72080230700004,11.112889291000045]]],[[[72.77872467000003,11.190805435000073],[72.79624938900008,11.249972343000024],[72.79041290400005,11.215000152000073],[72.77872467000003,11.190805435000073]]],[[[92.70083618300004,11.235416412000063],[92.71458435100004,11.273333549000029],[92.70083618300004,11.235416412000063]]],[[[92.72497558600008,11.306249618000038],[92.73286438000008,11.327500345000033],[92.72497558600008,11.306249618000038]]],[[[73.00244140700005,11.497056009000062],[73.0,11.492917061000071],[73.00244140700005,11.497056009000062]]],[[[92.66080474800003,11.493721963000041],[92.68785858100006,11.449999809000076],[92.66077423100006,11.407917023000039],[92.68077850300006,11.394583702000034],[92.68330383300008,11.358750343000054],[92.62997436500007,11.342888832000028],[92.59872436500007,11.390000344000043],[92.63036346400008,11.434139252000023],[92.63708496100008,11.50580597100003],[92.66080474800003,11.493721963000041]]],[[[92.56625366200007,11.534138679000023],[92.56083679200003,11.535388946000069],[92.56625366200007,11.534138679000023]]],[[[92.62119293200004,11.553333284000075],[92.61289215100004,11.543333054000072],[92.62119293200004,11.553333284000075]]],[[[92.60375213600008,11.535805702000062],[92.59752655000005,11.573749543000076],[92.60375213600008,11.535805702000062]]],[[[92.61869812000003,11.583305359000065],[92.61666870100004,11.585389139000029],[92.61869812000003,11.583305359000065]]],[[[92.23288726900006,11.587499618000038],[92.28375244100005,11.559139253000069],[92.25247192300009,11.520416259000058],[92.22374725400005,11.570805551000035],[92.23288726900006,11.587499618000038]]],[[[92.54750061000004,11.604583740000066],[92.57375335700004,11.569999695000035],[92.53913879500004,11.54955577800007],[92.54750061000004,11.604583740000066]]],[[[72.19413757300003,11.591221810000036]]],[[[72.69333648600008,11.680388451000056]]],[[[93.02419281000005,11.847916603000044],[93.08208465600006,11.835805894000032],[93.02041626000005,11.835805894000032],[93.02419281000005,11.847916603000044]]],[[[92.76580810600007,11.967082977000075],[92.74708557200006,11.957471849000058],[92.76580810600007,11.967082977000075]]],[[[92.97544097900004,12.033249856000054],[93.01622009300007,12.011666298000023],[93.04958343500005,11.940833092000048],[93.03038787800006,11.894139291000045],[93.01499939000007,11.942111015000023],[93.01669311500007,11.953694344000041],[93.01416778600009,11.961222648000046],[92.99786377000004,11.968333244000064],[92.97705841100009,11.954138756000077],[92.95333099400005,12.007805824000059],[92.97544097900004,12.033249856000054]]],[[[93.00583648700007,12.102916717000028],[92.99500274700006,12.047833444000048],[92.97583007800006,12.082805634000067],[92.98752594000007,12.104527473000076],[93.00583648700007,12.102916717000028]]],[[[92.97544097900004,12.147417068000038],[92.99708557100007,12.114055634000067],[92.97577667200005,12.151139259000047],[92.97544097900004,12.147417068000038]]],[[[93.03211212100007,12.147472383000036],[93.04372406000005,12.09416675500006],[93.04035949700005,12.05747223000003],[93.01372528100006,12.102444650000052],[93.03624725400005,12.16250038100003],[93.03211212100007,12.147472383000036]]],[[[93.07917022700008,12.208722114000068],[93.09705352800006,12.169972419000032],[93.09705352800006,12.111666679000052],[93.05625152600004,12.109167099000047],[93.05458068800004,12.17330551300006],[93.07917022700008,12.208722114000068]]],[[[92.94163513200004,12.192028046000075]]],[[[92.70955657900004,12.227416993000077],[92.71083068800004,12.171166420000077],[92.75624847400007,12.176583291000043],[92.75291442800005,12.114055634000067],[92.73371887200005,12.049888611000029],[92.73705291700009,12.051610948000075],[92.77163696300005,12.048666954000055],[92.78083038300008,12.02449989400003],[92.74208068900003,12.022388458000023],[92.77330780100004,12.012027740000065],[92.76374816900005,11.978333473000077],[92.74291992200006,11.967472076000035],[92.72702789300007,11.939999582000041],[92.73455810500008,11.895777702000032],[92.77416992200006,11.93372249600003],[92.79582977300004,11.899582864000024],[92.79708099400005,11.865805626000054],[92.78375244100005,11.816638946000069],[92.77541351500008,11.76000022900007],[92.75452423100006,11.700778007000054],[92.72791290300006,11.69830513100004],[92.71289062500006,11.683278084000051],[92.69080352700007,11.646222116000047],[92.69205474900008,11.62416649000005],[92.70955657900004,11.640777588000049],[92.73744201600005,11.652083398000059],[92.74494171100008,11.67205524600007],[92.74458313000008,11.635833741000056],[92.75538635300006,11.597472191000065],[92.74038696300005,11.555832864000024],[92.73619079600007,11.509139061000042],[92.71577453600008,11.486249924000049],[92.67580413800005,11.498749733000068],[92.65538787800006,11.544944764000036],[92.63874816900005,11.56830597000004],[92.61374664300007,11.589972497000076],[92.64622497500005,11.615860939000072],[92.62999725300006,11.62874984900003],[92.60453033400006,11.675805092000076],[92.59788513200004,11.709972383000036],[92.57205200200008,11.691611290000026],[92.55955505300005,11.758333206000032],[92.55955505300005,11.83080577800007],[92.53541565000006,11.827472688000057],[92.53375244200004,11.879166604000034],[92.56208038300008,11.919166565000069],[92.58955383300008,11.915833474000067],[92.60077667300004,11.899582864000024],[92.61791992200006,11.862527847000024],[92.62372589100005,11.957500459000073],[92.62875366300005,12.025777818000051],[92.62708282500006,12.082388879000064],[92.64624786400003,12.150750161000076],[92.67541503900009,12.20661068100003],[92.68538665800008,12.219944002000034],[92.70955657900004,12.227416993000077]]],[[[92.74038696300005,12.20575046700003],[92.76080322300004,12.223694801000022],[92.75997161900005,12.180333137000048],[92.72961425800008,12.209083557000042],[92.74038696300005,12.20575046700003]]],[[[92.91541290300006,12.24324989400003],[92.88994598400006,12.222861291000072],[92.89247131400003,12.238694192000025],[92.91541290300006,12.24324989400003]]],[[[93.11372375400003,12.237500191000038],[93.09497070400005,12.226249695000035],[93.08747100800008,12.25874996300007],[93.11291503900009,12.243277551000062],[93.11372375400003,12.237500191000038]]],[[[93.86080932600004,12.28125],[93.84455871500006,12.259111406000045],[93.86080932600004,12.28125]]],[[[92.71747589100005,12.295361520000029],[92.72621917800006,12.248222351000038],[92.71291351300005,12.256610870000031],[92.71747589100005,12.295361520000029]]],[[[92.95036315900006,12.277416229000039],[92.93041992200006,12.254111290000026],[92.92333221400008,12.28780555700007],[92.94288635200007,12.286611558000061],[92.95036315900006,12.277416229000039]]],[[[92.82661438000008,12.302861214000075],[92.87789154000006,12.289916993000077],[92.89205932600004,12.25155544300003],[92.88583374000007,12.189555169000073],[92.86077880900007,12.187861443000031],[92.83330535900006,12.16033363300005],[92.81913757300003,12.126166344000069],[92.79997253600004,12.10116672600003],[92.78500366200007,12.071999551000033],[92.74874878000008,12.078222276000076],[92.76455688400006,12.148305893000042],[92.78125,12.230777740000065],[92.75330352800006,12.251999856000054],[92.78541564900007,12.279055595000045],[92.79333496100008,12.305305481000062],[92.82661438000008,12.302861214000075]]],[[[92.87580871600005,12.405333520000056],[92.89247131400003,12.37030601500004],[92.85747528100006,12.392000198000062],[92.87580871600005,12.405333520000056]]],[[[92.97039032000004,12.412416458000052],[92.92874908400006,12.377388954000025],[92.95705413800005,12.424083710000048],[92.97039032000004,12.412416458000052]]],[[[92.72491455100004,12.825388910000072],[92.72450256300004,12.768250465000051],[92.72953033500005,12.728305818000024],[92.71866607700008,12.759916305000047],[92.72491455100004,12.825388910000072]]],[[[92.73991394000006,12.861166954000055],[92.71952819800003,12.840777397000068],[92.73991394000006,12.861166954000055]]],[[[92.90950012200005,12.910778046000075],[92.92661285400004,12.886166574000072],[92.94869232100007,12.838277817000062],[92.95324707000003,12.783666612000047],[92.96952819900008,12.74324989400003],[92.97538757300003,12.70161151800005],[92.96580505400004,12.620306016000029],[92.97035980300006,12.59158325200002],[92.98952484100005,12.534916878000047],[92.95996856700003,12.493694307000055],[92.94080352800006,12.460361482000053],[92.94789123500004,12.445722580000051],[92.92247009300007,12.402028084000051],[92.90785980200008,12.453249933000052],[92.86408233600008,12.459472658000038],[92.89291382000005,12.435777665000046],[92.88539123500004,12.411611558000061],[92.82827758800005,12.432027816000073],[92.80952453600008,12.439110756000048],[92.84997558600008,12.402860641000075],[92.86788940400004,12.359916687000066],[92.89416503900009,12.33699989300004],[92.89702606200007,12.320750236000038],[92.84324646000005,12.30536079500007],[92.78205871600005,12.313221931000044],[92.74619293200004,12.302472116000047],[92.70955657900004,12.33825016000003],[92.70866394000006,12.393278122000027],[92.71121978700006,12.472444534000033],[92.70955657900004,12.534944534000033],[92.70324707100008,12.599527360000025],[92.72286224400005,12.624917030000063],[92.74372100800008,12.642472267000073],[92.78786468500005,12.658222198000033],[92.79286193900003,12.666610717000026],[92.77491760200007,12.668666839000025],[92.73869323900004,12.694944383000063],[92.74449920700005,12.734972],[92.73657989600008,12.794500351000067],[92.74533081100003,12.818222047000063],[92.75824737600004,12.837027551000062],[92.79203033500005,12.84244442000005],[92.83616638200004,12.889972686000021],[92.88363647400007,12.885805130000051],[92.90950012200005,12.91663932800003],[92.90950012200005,12.910778046000075]]],[[[92.71074676500007,12.986222268000063],[92.72536468500005,12.915778161000048],[92.73030853400007,12.867416383000034],[92.69572448700006,12.824500085000068],[92.68660736100009,12.802027702000032],[92.66952514600007,12.817444801000022],[92.67244720400004,12.871999742000071],[92.68363952600004,12.938278198000035],[92.70700073200004,12.991611480000074],[92.71074676500007,12.986222268000063]]],[[[93.01711273200004,12.987500192000027],[92.99116516100008,12.928250313000035],[92.97953033400006,12.946639061000042],[92.96405792200005,12.972000123000043],[93.00333404500003,12.98705577800007],[93.01711273200004,12.987500192000027]]],[[[92.93499755900007,13.02455520600006],[92.92871856700003,13.001638412000034],[92.93499755900007,13.02455520600006]]],[[[92.71916961700003,13.097888948000048],[92.69960784900007,13.096611024000026],[92.71916961700003,13.097888948000048]]],[[[94.29497528000007,13.445388795000042],[94.28583526600005,13.413749695000035],[94.29497528000007,13.445388795000042]]],[[[93.04872131500008,13.54583358800005],[93.04458618100006,13.478305816000045],[93.03330230700004,13.42869472500007],[93.04538726800007,13.419972419000032],[93.06791687000003,13.39744472500007],[93.06327819800003,13.371277810000038],[93.09627532900004,13.327500343000054],[93.06586456300005,13.324583053000026],[93.03583526600005,13.340389251000033],[92.98791503900009,13.331639290000055],[92.96375274600007,13.334166527000036],[92.99372100900007,13.296667100000036],[93.01958465600006,13.313278198000035],[93.01789093200006,13.275860788000045],[93.05288696300005,13.260861397000042],[93.05416870200008,13.218722343000024],[93.04663848900003,13.172027589000038],[93.04289245600006,13.115805626000054],[93.03871917700008,13.062472343000024],[93.00585937500006,13.033694267000044],[92.98078155500008,13.009555818000024],[92.94499969400005,13.04705524600007],[92.94622039800004,13.095000268000035],[92.93000030500008,13.053722381000057],[92.89708709700005,13.08586120700005],[92.89702606200007,13.044972419000032],[92.91999816900005,13.042916298000023],[92.92453002900004,12.98991680100005],[92.93952941900005,12.960749626000052],[92.91200256300004,12.972472191000065],[92.88947296100008,12.95494461100003],[92.86699676500007,12.910778046000075],[92.86280822700007,12.887444496000057],[92.80867004400005,12.90494442000005],[92.80117034900007,12.978249550000044],[92.83496856700003,13.010416984000074],[92.80708313000008,13.028333665000048],[92.80874633800005,13.085805893000042],[92.81461334200009,13.087471963000041],[92.82583618100006,13.110388756000077],[92.84580230700004,13.122916221000025],[92.83827972400007,13.137916565000069],[92.82244110100004,13.170389177000061],[92.83119201600005,13.204166412000063],[92.85663604800004,13.234555244000035],[92.82869720500008,13.274167061000071],[92.82955932600004,13.30666637400003],[92.85414123600003,13.372888566000029],[92.87999725400005,13.384555818000024],[92.85208129900008,13.398305893000042],[92.88625335700004,13.403333665000048],[92.88999938900008,13.437889099000074],[92.89666748000008,13.473722458000054],[92.93622589100005,13.49744415400005],[92.93660736000004,13.522083284000075],[92.97669220000006,13.539610864000053],[92.99874877900004,13.565777780000076],[93.03375244200004,13.569944383000063],[93.04872131500008,13.54583358800005]]],[[[93.02919769300007,13.669583321000061],[93.01830291700009,13.64119434500003],[93.01708221400008,13.664166452000075],[93.02919769300007,13.669583321000061]]],[[[88.19290927100008,21.57372271400004],[88.17452534200004,21.59714385500007],[88.19290927100008,21.57372271400004]]],[[[88.52997180500006,21.56019821900003],[88.48163196100006,21.562698753000063],[88.53249713500009,21.566032799000027],[88.52997180500006,21.56019821900003]]],[[[88.84526714800006,21.599526492000052],[88.89756039800005,21.562742267000033],[88.83184587600005,21.597140488000036],[88.84526714800006,21.599526492000052]]],[[[88.55285937100007,21.631195068000068],[88.56563373900008,21.57612092100004],[88.51155842200006,21.599034191000044],[88.52994067000003,21.645805359000065],[88.55285937100007,21.631195068000068]]],[[[88.30826337800005,21.706298122000078],[88.35331495300005,21.651269206000052],[88.30706556300004,21.613381633000074],[88.30331953100006,21.707158336000077],[88.30826337800005,21.706298122000078]]],[[[88.72656945100005,21.665689816000054],[88.77612930000004,21.582097452000028],[88.71291351300005,21.61583328200004],[88.69466396800004,21.678239306000023],[88.72656945100005,21.665689816000054]]],[[[88.21080780000005,21.670360565000067],[88.21128082300004,21.614944458000025],[88.18624877900004,21.66080474900008],[88.19833374000007,21.719554901000038],[88.21080780000005,21.670360565000067]]],[[[88.55887725100007,21.729892035000034],[88.59498477000005,21.68919320200007],[88.60200727400007,21.624653043000023],[88.53007076600005,21.65631970100003],[88.53054976800007,21.722016019000023],[88.55887725100007,21.729892035000034]]],[[[88.54485848600007,21.811844189000055],[88.56966810700004,21.73434479900004],[88.51598746600007,21.731343507000076],[88.51350600100005,21.786653138000077],[88.54485848600007,21.811844189000055]]],[[[88.59830258800008,21.84728855000003],[88.61371396500004,21.80267757300004],[88.57958005400008,21.831873359000042],[88.59830258800008,21.84728855000003]]],[[[88.16872406000005,21.785804750000068],[88.15791320800008,21.700805665000075],[88.15705871600005,21.655834198000036],[88.10411071800007,21.624526977000073],[88.05166626000005,21.640361787000074],[88.05374908400006,21.700000763000048],[88.07035827600004,21.739999772000033],[88.08789062500006,21.79169464100005],[88.12208557100007,21.860805511000024],[88.17622375500008,21.80827713000008],[88.16872406000005,21.785804750000068]]],[[[88.64632574300003,21.91717324900003],[88.64828088500008,21.843305803000078],[88.61254278400008,21.81672845500003],[88.60593572800008,21.878394944000036],[88.64468542300006,21.918840272000068],[88.64632574300003,21.91717324900003]]],[[[88.66370896500007,22.018627063000054],[88.69299418700007,21.969503056000065],[88.68538547800006,21.952392106000048],[88.64027023300008,21.953767948000063],[88.66370896500007,22.018627063000054]]],[[[88.07023948200003,21.92172391200006]]],[[[68.16786193800004,23.73413848900003],[68.17038726800007,23.739999771000043],[68.16786193800004,23.73413848900003]]],[[[68.32771812000004,23.93327196100006]]]]}}]}